id,name,address,birth_date,phone,email,excluded,approved,balance,country
77490,Bernardo do Faria,"R. Lúcia Esteves, 591 0782-901 Vila Nova de Santo André",1973-05-26,(351) 922 508 727,fariavictoria@example.net,False,True,496936,PT
15020,Ivan Figueiredo,"Rua Mauro Anjos, 9 7567-097 Sacavém",1992-03-12,(351) 919 464 423,mteixeira@example.org,False,True,126558,PT
6294,Cristiano Cardoso,"Praça Branco, 66 2841-149 Porto",1980-05-13,967 335 617,jessicaamorim@example.org,True,True,566551,PT
3782,Isabela Reis,"Avenida Margarida Nascimento, 56 3908-369 Gondomar",1975-09-30,(351) 964799289,miguelfreitas@example.net,False,True,999047,PT
3947,Marta Miranda,"Avenida de Vímara Peres, 9 8130-080 Lagos",2022-02-03,(351) 924549316,saratavares@example.com,False,True,22898,PT
47371,Larissa de Esteves,"Travessa Ribeiro, 58 7721-331 Gafanha da Nazaré",1977-08-18,(351) 925 777 609,enzolourenco@example.net,False,True,212944,PT
13663,Emília-Sofia Anjos,"R. Maia, 61 1350-437 Sines",1993-03-23,966202832,tiagoloureiro@example.net,False,False,556524,PT
73763,Yasmin Miranda,"Travessa Ângelo Miranda, 66 6943-278 Estarreja",2012-07-07,247 337 344,williamtavares@example.com,False,False,142097,PT
81604,Lorena Miranda-Silva,"R. Macedo, S/N 5137-972 Angra do Heroísmo",1995-05-18,(351) 930545760,tleal@example.com,False,True,513687,PT
96986,Benedita Lima,"Alameda Tiago Rocha, 38 2750-706 Tomar",2012-09-20,(351) 290 681 482,helenaesteves@example.org,False,True,855804,PT
79978,Caetana Machado,"Alameda Rafaela Vicente, 2 1328-303 Caniço",1989-05-05,(351) 936 379 500,ajesus@example.com,False,True,347633,PT
29352,Igor Gomes,"Rua Pacheco, 769 5554-616 Portimão",2006-05-08,(351) 968714974,umachado@example.org,False,True,803185,PT
94220,Lorena Cruz,"R. Vítor Oliveira, 2 6971-793 Ílhavo",1984-05-02,(351) 245 502 447,jesusmanuel@example.net,False,True,390946,PT
28975,César Figueiredo-Borges,"R. de Ramos, 8 8638-078 Vale de Cambra",1995-08-31,(351) 924864874,isabelabrito@example.org,False,True,608793,PT
70207,Adriana Torres,"Largo Coronel Marques Júnior, 553 7321-679 Santarém",1982-02-12,916705584,pamorim@example.com,False,True,838460,PT
18977,Marco Alves,"Avenida de Matias, 45 9681-508 Albufeira",1992-12-30,+351920407358,uferreira@example.com,False,True,323877,PT
99422,Naiara Leite,"Alameda de Ferreira, S/N 8029-524 Rio Maior",2021-12-24,914466995,dominguesbarbara@example.org,False,True,201987,PT
59044,Luísa-Lorena Domingues,"Travessa Sousa, 78 3576-887 Peso da Régua",1976-04-27,(351) 270922254,guilherme79@example.com,False,True,614780,PT
88438,Valentim do Silva,"Alameda de D. Carlos I, 40 2607-638 Montemor-o-Novo",2007-06-27,(351) 937606815,carvalhopetra@example.org,False,True,334412,PT
74397,António de Baptista,"R. do Brasil (Porto), 11 8473-850 Esposende",1972-08-30,938052944,vera05@example.org,False,True,601877,PT
84264,Artur Oliveira,"Largo da Quinta de São João Baptista, 49 9384-203 Mealhada",1990-12-20,932580999,machadoyasmin@example.net,False,True,850398,PT
17803,Victória Vieira-Costa,"Av Pinheiro, 5 3126-939 Almeirim",1981-02-21,(351) 925942041,fernandogarcia@example.net,False,True,730050,PT
28036,Renato Macedo,"Largo Prof. António de Sousa Franco, 37 2077-147 Horta",1988-10-11,(351) 274154175,valentina42@example.net,False,False,490068,PT
68816,Emma Henriques,"Av de Almeida, S/N 8606-222 Viseu",1979-08-26,+351915609966,lorenapinto@example.net,False,True,448353,PT
33130,Dinis Oliveira,"Travessa do Meiral, 897 6994-961 Fiães",1989-03-26,(351) 916 572 102,fabiomagalhaes@example.org,False,False,941711,PT
82183,Emma-Margarida Domingues,"Rua Antunes, 55 8999-167 Castelo Branco",1995-11-18,932 679 756,tometeixeira@example.org,True,True,166113,PT
87939,Violeta Sousa,"Praça dos Guindais, 30 0091-938 Silves",1985-07-28,(351) 967 893 283,pachecorui@example.org,False,True,444818,PT
82895,Nádia Alves,"Praça de Simões, 97 2220-107 Elvas",1981-06-03,(351) 915976777,tneto@example.org,False,True,653393,PT
2804,Brian Araújo,"Avenida de Cunha, 60 7485-299 Montijo",1978-07-27,(351) 296 989 109,ucoelho@example.org,False,True,29429,PT
14117,Matilde Neto,"Avenida Carvalho, 63 4174-929 Vila Nova de Famalicão",2019-04-29,(351) 936 769 747,paulonunes@example.com,False,True,207900,PT
68102,Íris Cardoso,"Rua do Báltico, S/N 0530-257 Loures",2003-11-07,926 459 233,luciasimoes@example.org,False,True,425724,PT
69656,Renato Ramos,"Praça de Figueiredo, 378 8218-327 Elvas",2020-03-26,+351919870363,goliveira@example.org,False,True,862283,PT
86778,Sebastião Sousa,"Avenida Cardoso, 92 2400-824 Vila Real",1976-01-31,(351) 280 743 077,nascimentoemanuel@example.net,False,False,454572,PT
36460,Filipe Esteves,"Alameda de Cruz, 12 1685-950 Vizela",2020-01-08,276 542 059,guilhermemaia@example.net,False,True,713146,PT
94034,Brian de Moreira,"Travessa Adriana Borges, 24 6333-984 Gafanha da Nazaré",1989-02-24,961 333 675,alice79@example.net,False,True,510985,PT
15043,Iara de Tavares,"R. de Santos, 21 2761-136 Santiago do Cacém",2014-02-19,(351) 912422594,lourenco53@example.org,False,True,917176,PT
96354,Teresa Jesus,"R. Mara Barbosa, 62 1754-960 Bragança",1975-10-30,+351237095689,sararibeiro@example.net,False,True,383184,PT
86678,Bárbara Fernandes,"Rua Clara Nunes, 7 8018-270 Costa da Caparica",1976-04-05,+351916161022,mrocha@example.org,False,True,773845,PT
79743,Naiara Anjos,"Travessa do Sextante, S/N 0377-545 Ponta Delgada",2015-03-23,928212766,lcarvalho@example.org,False,True,401757,PT
44385,Júlia Vieira,"R. de Barbosa, 32 0637-999 Setúbal",1989-12-01,(351) 200 173 860,pereiradavid@example.net,False,False,594596,PT
12700,Alice Ferreira,"Av Benjamim Cardoso, 3 7791-987 Póvoa de Santa Iria",2003-09-14,(351) 932 825 654,deborabarros@example.net,False,True,522804,PT
88515,Cristiano Abreu,"Av de Simões, 9 2352-135 Horta",1983-05-25,279 444 161,naraujo@example.net,False,True,411750,PT
87296,Enzo Anjos,"Alameda Mauro Cardoso, 2 3913-093 Ovar",1997-01-01,(351) 917177476,carlota98@example.com,False,True,611832,PT
35667,Gil da Loureiro,"Av de Serrúbia, 10 1078-751 Paços de Ferreira",1974-04-01,(351) 933191856,pachecogustavo@example.org,False,True,919581,PT
54319,Petra Abreu,"Av Garcia, 93 2832-173 Castelo Branco",1989-02-26,+351965923975,ccorreia@example.org,False,True,919541,PT
34855,Vítor da Freitas,"R. de Fernão de Magalhães, 51 3014-033 Mirandela",2016-04-25,923342027,yasmin60@example.net,False,True,87340,PT
47915,André Gonçalves,"Av de Pires, 2 2512-420 Pombal",2014-08-07,910 964 302,estevesgil@example.net,False,True,392309,PT
54726,Margarida Cunha,"Avenida de Ferreira, 631 7386-560 São Mamede de Infesta",1972-01-06,+351252960912,tfreitas@example.org,False,True,244358,PT
88410,Diego Sá,"Praça Nunes, S/N 4691-483 Mêda",2017-09-04,(351) 932549137,farianuno@example.com,False,False,973978,PT
24311,Tatiana Rocha,"Praça Edgar Cardoso, 642 8367-159 Loures",2020-04-19,(351) 937165259,melissa05@example.net,False,True,805555,PT
47064,Eduardo Nogueira,"Rua Nunes, 48 1002-849 Cartaxo",1970-09-14,(351) 253 068 126,igor87@example.net,False,True,200392,PT
7749,Matias Gaspar-Jesus,"Avenida de Valente, 52 5786-316 Oliveira do Hospital",1979-02-19,(351) 914726835,lara80@example.com,False,True,396667,PT
408,Rita Matos-Cruz,"Rua Assunção, S/N 2626-674 Guimarães",1979-06-29,(351) 915529627,gasparlourenco@example.com,True,True,806033,PT
49725,Vítor Simões,"Largo do Dr. Fernando de Azeredo Antas, 29 9485-251 Vale de Cambra",1996-07-16,(351) 916247258,vicentegabriel@example.com,False,True,746408,PT
4051,Salvador Oliveira,"R. Maria Carneiro, 538 6498-584 Almada",2010-06-13,(351) 220459861,limaluis@example.com,False,True,935676,PT
43921,Micael da Neves,"Rua de Castro, 23 0460-851 Cartaxo",1993-02-16,(351) 937190724,fabioamorim@example.net,False,True,682268,PT
33303,Íris-Flor Jesus,"Avenida do Dr. Nuno Pinheiro Torres, S/N 1709-140 Alcobaça",1984-07-27,(351) 919 992 646,catarina67@example.net,False,True,65348,PT
65325,Érica Almeida,"Travessa de Pinheiro, 809 1790-304 Vila Nova de Famalicão",2016-06-07,913871384,noasousa@example.org,False,True,169128,PT
42945,Leonor Moura,"Av de Moura, 9 4098-051 Santana",1992-10-13,913 029 569,leticia40@example.org,False,True,537614,PT
64858,Diego Miranda,"Av Silva, 2 9024-189 Trancoso",1983-09-12,(351) 964271228,britokevin@example.org,False,True,242534,PT
55594,Lourenço Alves,"Rua do Sequeiro, 9 6542-907 Marinha Grande",1972-10-05,(351) 923933523,gabrielapinho@example.net,False,True,426978,PT
71005,Ema Pinho,"Av da Cova da Moura, 41 7393-860 Braga",2019-12-11,+351961512915,pbranco@example.net,False,True,412701,PT
72757,José Coelho,"Rua Lia Cruz, 30 9972-646 Cantanhede",1997-09-13,(351) 961 914 841,noa09@example.net,True,True,135217,PT
32497,Mafalda Carvalho,"Alameda Paiva, 28 7029-116 Ourém",2004-03-28,(351) 963502296,leitebenedita@example.com,False,True,930364,PT
50485,Nair Machado,"Rua Luna Sousa, 8 2118-046 Quarteira",2001-03-18,(351) 282740081,caetana99@example.net,True,True,82152,PT
50910,Bruno Pinho,"Rua de Assunção, S/N 1587-786 Penafiel",1977-08-20,(351) 257 149 350,rubenbarbosa@example.org,False,False,840894,PT
44475,Ivan Esteves,"Avenida Fernando Correia, 52 3659-903 Odivelas",2009-08-26,204805457,tamaral@example.com,False,True,127368,PT
36756,Francisca Alves,"Travessa de Neto, 84 1473-008 Guimarães",1983-10-10,(351) 925009511,ivan01@example.com,False,True,710141,PT
64530,Brian Machado,"Avenida Vicente Pinto, 55 7418-515 Guarda",1970-12-05,(351) 922 029 464,vandrade@example.com,False,True,529920,PT
22227,Ângela Leal,"Av Carvalho, 96 5289-653 Évora",1970-07-22,+351913045700,melissabatista@example.net,False,True,856737,PT
10175,Bianca Cunha,"Avenida do Barcal, 508 0064-941 Santiago do Cacém",1981-04-03,(351) 938767939,guerreirojoana@example.org,False,True,731264,PT
16152,Alexandre Machado,"Avenida de Cruz, 34 6481-539 Ribeira Grande",1976-02-05,(351) 265 905 184,kelly11@example.org,False,True,976516,PT
64200,Sérgio Loureiro,"Rua de Neto, S/N 9890-851 Almada",1990-06-30,929 193 940,lealvicente@example.net,False,True,367117,PT
31030,Rafaela Lima,"Alameda de Amorim, 59 4026-399 Esmoriz",2001-09-02,(351) 935 927 847,anjosvictoria@example.com,False,True,908746,PT
38784,Samuel Miranda,"Avenida de Cardoso, 42 6909-121 Póvoa de Santa Iria",1985-03-14,(351) 963533692,irisreis@example.net,False,True,24417,PT
2969,Denis Azevedo,"Praça Macedo, 82 8214-771 Mealhada",1993-03-10,(351) 964590529,marianatavares@example.com,False,False,540140,PT
76529,Pedro Costa,"Rua do Roleto, 39 0594-619 Pinhel",1984-05-12,(351) 912 744 396,pereirasamuel@example.com,False,True,286279,PT
46762,Isabel Moura-Fernandes,"R. Dom Afonso Henriques, 64 5794-810 Vila Real de Santo António",2009-07-20,+351923010568,motarafaela@example.net,False,True,957573,PT
2343,Yasmin Carvalho,"Av de Cardoso, 528 6264-480 Funchal",1990-04-14,(351) 928650521,brancopatricia@example.net,False,True,531362,PT
93060,Nair Lourenço,"Alameda Isaac Nascimento, 499 0752-481 Costa da Caparica",1987-06-17,(351) 967514896,candrade@example.org,False,True,564972,PT
16812,Carlota Soares,"Travessa Simão Faria, 73 9434-887 Vizela",1977-06-15,(351) 929620216,vasconunes@example.net,False,False,189491,PT
9627,Artur Amorim,"Rua Oliveira, 57 2238-582 Santiago do Cacém",1994-08-15,924 443 158,sara51@example.net,False,False,118591,PT
23599,Emília Cardoso,"Avenida Marcos Barros, 2 6507-123 Reguengos de Monsaraz",2020-03-20,(351) 969629915,rodriguesnicole@example.com,False,False,198464,PT
98056,Fabiana Garcia,"Travessa de Carneiro, 4 9707-611 Oliveira do Hospital",2009-07-14,(351) 254 226 110,petramarques@example.org,True,True,362538,PT
40516,Kyara Nascimento,"Travessa do Almirante Gago Coutinho, 3 2006-213 Trancoso",1972-05-23,(351) 919 636 411,victoria31@example.net,False,True,191272,PT
98121,João Matos,"Avenida de Valente, S/N 7221-209 Ílhavo",2020-02-05,(351) 269 591 867,dvalente@example.net,False,True,663577,PT
19798,Gabriela Abreu,"Avenida Clara Ferreira, 75 9226-925 Oliveira do Hospital",2007-07-05,965 064 798,ameliapires@example.com,False,True,759036,PT
94347,Enzo Paiva,"R. de Barbosa, 63 1473-075 Portimão",1982-05-04,(351) 960 683 114,batistamelanie@example.net,False,False,945870,PT
41900,Denis Pinho,"Av Manuel Baptista, 9 8493-747 Póvoa de Santa Iria",1980-12-02,(351) 923656159,bryanramos@example.net,False,True,691173,PT
32241,Lourenço Azevedo,"Rua Nair Garcia, S/N 4673-601 Horta",1994-09-27,(351) 285792530,pcoelho@example.net,False,True,696240,PT
29513,Filipe Pinto,"R. de Barros, 11 6062-002 Ponta Delgada",1977-04-11,(351) 930 737 700,catarina37@example.net,False,True,980945,PT
88216,Luciana Vaz,"Alameda Lopes, 47 4781-397 Freamunde",2014-04-28,(351) 961690177,rmonteiro@example.net,False,True,494530,PT
48630,Iara Araújo,"Rua António Dias Lourenço, 30 5840-613 Tondela",1991-02-13,(351) 913602670,danielazevedo@example.net,False,True,329502,PT
92114,Valentim Vicente,"Travessa Sá, 52 9926-121 Gondomar",2007-12-28,965283142,zleite@example.net,False,True,511955,PT
17212,Sebastião Macedo,"Av Lucas Andrade, S/N 9122-588 Évora",2009-01-13,(351) 921725855,omorais@example.org,False,True,874511,PT
91742,Ricardo de Cruz,"Largo de Machado, 25 5767-305 Aveiro",1998-10-15,(351) 232705776,matiasluisa@example.net,False,True,915149,PT
17548,Débora Ribeiro,"Largo Gomes, 111 6736-288 São Mamede de Infesta",2018-05-27,(351) 935 923 197,ybranco@example.net,False,True,392842,PT
12142,Eduardo Moura-Maia,"Travessa do Machado, 3 8811-281 Santiago do Cacém",2014-12-07,276791770,bruno33@example.net,False,True,544190,PT
32959,Rafael Vicente,"Avenida Cardoso, 8 8804-963 Lagoa",1987-07-24,(351) 968 665 842,nelson04@example.org,False,True,162997,PT
66066,Alexandra-Helena Vieira,"Av de Figueiredo, 4 7035-564 Valongo",1977-06-23,+351937337256,emanuel31@example.com,False,True,731299,PT
55797,Clarisa Alvarado Palma,"Ronda de Javier Parejo 32 Zamora, 04271",2004-06-07,+34744 250 068,carolinacarlos@example.net,False,True,257346,ES
71545,Maximiano Garcia,"Ronda Amalia Castañeda 90 Apt. 48  Córdoba, 16757",1998-03-25,+34 983 50 67 48,alejopujadas@example.org,False,True,30653,ES
1863,Odalys Sevilla Sureda,"Rambla Haydée Catalán 85 Zaragoza, 37804",2005-09-20,+34711 853 768,joelflor@example.org,False,True,98223,ES
33189,Seve Seco Mate,"C. Anselmo Sainz 1 Piso 1  Asturias, 26455",2001-03-10,+34 742399084,ricardo51@example.net,False,True,710593,ES
21569,Juan Francisco Lozano Martín,"Urbanización de Virginia Beltrán 68 Teruel, 15522",1979-04-12,+34 722 16 48 36,fidel72@example.com,False,True,528900,ES
46436,Leocadio Bartolomé Infante,"Alameda Alberto Batlle 46 Piso 9  Almería, 20178",1990-08-19,+34 719 704 421,iristirado@example.net,False,True,780945,ES
62325,Ámbar Cornejo Company,"Camino de Trini Moraleda 996 Huelva, 13397",1971-07-15,+34723 64 34 88,smontoya@example.org,False,True,177063,ES
16317,Jaime Flores Zamora,"Acceso Julio César Matas 58 Zaragoza, 42502",1998-09-09,+34713 83 52 38,garzonjavi@example.org,True,True,859441,ES
684,Amelia Santana,"Pasadizo Samuel Rosa 111 Piso 8  Tarragona, 48514",1977-09-16,+34 737 12 13 72,sastreaurora@example.com,True,True,231967,ES
5331,Eligia Garay Osorio,"Plaza Víctor Cañizares 46 Asturias, 29209",2001-12-01,+34726 742 125,vgutierrez@example.org,False,True,269824,ES
36924,Santos Jiménez Botella,"Callejón Carmen Pelayo 944 Segovia, 17202",1976-07-07,+34 826 153 486,qdominguez@example.net,False,True,458495,ES
81677,Florentino Alberto Cerdán,"Urbanización de Francisco Jose Leon 49 Barcelona, 30524",1986-09-18,+34 728 71 82 84,aristides28@example.net,True,False,974059,ES
20259,María Manu Benitez Cuevas,"Avenida de Francisco Javier Lobato 6 Puerta 5  Cantabria, 38122",2016-10-23,+34 711 40 65 14,benaventjose-antonio@example.net,False,True,79778,ES
67833,Agapito Balaguer,"C. de Mariana Torres 4 Segovia, 18364",1977-03-06,+34 728125595,gledesma@example.net,False,True,865220,ES
36510,María Fernanda del Lillo,"Pasaje Héctor Alcolea 5 Puerta 7  Ávila, 24868",1978-05-06,+34747 47 31 72,edelmiro89@example.org,False,True,974294,ES
61321,Flavio de Vilalta,"C. Natividad Trujillo 76 Puerta 6  Murcia, 43826",2008-04-21,+34727 34 66 58,norbertoanglada@example.net,False,True,974097,ES
67463,Dani Cruz Infante,"Acceso de Tania Amador 9 Barcelona, 43887",2017-08-03,+34805 60 86 79,savila@example.org,False,True,683641,ES
52596,Valerio del Cueto,"Rambla de Erasmo Luís 8 Piso 2  Cádiz, 11245",1987-11-07,+34709559383,llabrespaz@example.org,False,True,154931,ES
90754,Zacarías Marí Valverde,"Via Adelaida Roma 71 Puerta 5  Cáceres, 02972",2018-06-06,+34735 62 65 24,benita81@example.org,False,True,403026,ES
18389,Mayte Escudero Requena,"Pasadizo de Tecla Chacón 3 Burgos, 42133",2018-09-03,+34 670605590,hernandoana-belen@example.org,False,True,722111,ES
98884,Pedro Blanch Coello,"Via de Aarón Carrillo 875 Soria, 23477",2021-06-02,+34 704856856,alex96@example.net,False,True,911986,ES
11604,Nacio Catalán Ferrándiz,"C. Evaristo Torrecilla 760 Piso 5  Burgos, 03722",2004-08-09,+34704258223,pintorjose-maria@example.org,False,False,665171,ES
31805,Josué Pablo Mármol Pinedo,"Acceso de Isidora Macias 8 Puerta 5  Badajoz, 12067",1987-04-10,+34 703231392,inigo16@example.org,False,True,24453,ES
72548,María Del Carmen Soto Abascal,"Alameda Gonzalo Fonseca 995 Vizcaya, 32327",1997-06-01,+34 724 911 925,clara64@example.net,False,True,703739,ES
93634,Pío Gil Izaguirre Girona,"Cañada Isabela Borrell 77 Ávila, 12548",2014-02-26,+34963 39 99 57,moranangelita@example.com,False,True,572665,ES
7260,Leocadia Carbajo Parejo,"Via Octavio Segovia 30 Zamora, 28978",1975-01-28,+34618 273 703,maria90@example.com,False,True,27794,ES
37779,Graciano Toro-Costa,"Vial de Carlota Benítez 85 Puerta 4  León, 35627",2021-10-25,+34 702 272 070,teclaurena@example.net,False,True,957086,ES
18562,León Carpio Gimenez,"Camino de Bonifacio Vallés 34 Piso 4  Ávila, 10927",2010-08-17,+34732850937,torrensjafet@example.net,False,True,204201,ES
60624,Reyes Burgos-Alberto,"Cañada de Leticia Marqués 39 Girona, 06833",1986-09-01,+34 724 90 05 74,esthercabrero@example.com,False,True,317627,ES
21148,Ruth Perea,"Avenida Cipriano Benítez 332 Zamora, 50189",2017-02-11,+34 706 106 521,vicenteamoros@example.org,False,True,348833,ES
46525,Fulgencio Amaya Zabaleta,"Callejón de Manu Cabrero 26 Palencia, 10345",1991-12-11,+34695 366 358,chaconprudencio@example.net,False,True,28899,ES
80226,Pablo Ribes,"Vial Elisabet Pujol 8 Puerta 3  Cuenca, 30990",1971-08-21,+34 708433173,colladoascension@example.com,False,False,813513,ES
12969,Eva Carvajal Plana,"Plaza de Leonardo Segarra 56 Puerta 5  Guadalajara, 45903",1993-12-23,+34628016885,lermafelix@example.net,False,True,157252,ES
12554,Paca Olivera-Roca,"Urbanización Sarita Agustín 274 Puerta 5  Ourense, 23943",2016-10-31,+34 741897166,castanedaeustaquio@example.org,False,True,652389,ES
71593,Jessica Almeida Reyes,"Cuesta Fortunata Herrera 48 Ávila, 05980",1999-07-08,+34902 120 663,moisespedro@example.com,False,True,10764,ES
51340,Berta Vilanova Sainz,"Pasadizo de Yaiza Perera 61 Baleares, 20833",2012-04-30,+34 719059373,leiregomez@example.org,False,True,693695,ES
65565,Chus Pou Lozano,"Cuesta Débora Mena 62 Puerta 9  Alicante, 19958",1997-12-14,+34 604 37 92 06,rmarques@example.net,True,True,189882,ES
79308,Victor Torrens Santiago,"Acceso Gervasio Anglada 14 Zaragoza, 45480",2020-09-24,+34740029077,nmachado@example.org,False,True,6322,ES
19887,Herberto Malo-Anguita,"Glorieta de Ema Villanueva 93 La Rioja, 32412",2002-11-01,+34822 29 92 92,custodia41@example.org,False,True,991925,ES
39388,Sosimo Gargallo Julián,"Avenida Adora Vilar 13 Toledo, 29855",1992-08-24,+34712 835 021,sedanoblas@example.net,False,True,261736,ES
26082,Anunciación Conesa,"Cuesta Juan Pablo Vicens 80 Piso 1  Valladolid, 11818",1991-09-18,+34848 465 839,castellanosaitor@example.org,False,True,350979,ES
48270,Vidal Ibán Alegre Jáuregui,"Paseo de Pacífica Olivares 5 Cádiz, 41517",1981-09-20,+34 702 828 528,nicolasflorina@example.com,False,True,437847,ES
74609,Vito Anaya-Julián,"Pasaje de Florencio Bertrán 364 Piso 2  Albacete, 10092",2002-05-10,+34677 010 977,zperalta@example.net,False,False,329057,ES
29471,Noé Barrena Torralba,"C. de Bartolomé Terrón 592 Piso 8  Cádiz, 11532",2006-12-27,+34 749 199 587,iperera@example.org,False,True,43367,ES
18110,Petrona María Fernanda Jiménez Benavent,"Alameda Luis Ángel Calleja 16 Apt. 03  Madrid, 42264",2004-02-14,+34 732 77 70 19,mmercader@example.com,False,True,786991,ES
90203,Sol Sotelo Hoz,"Paseo Angelina Quintana 25 Puerta 8  Badajoz, 05250",1996-06-21,+34 930469387,vmari@example.net,False,True,859072,ES
24650,Patricia Bárcena,"C. de Eliana Arce 91 Piso 4  Valladolid, 43385",1972-03-20,+34 715909034,leoncio33@example.com,False,True,472743,ES
19782,Pía Izaguirre Mancebo,"Acceso de Ricardo Palma 971 Piso 5  Murcia, 03855",1996-05-22,+34 703 03 62 99,melchorayllon@example.com,False,True,498569,ES
60622,Marc Pedrero Estrada,"Paseo de Anabel Feliu 501 Palencia, 32806",1999-02-21,+34 720 01 85 33,paolapalau@example.org,False,True,162678,ES
54241,Ester Rosalva Sales Palomino,"Paseo Hernando Ayllón 173 Puerta 8  Granada, 36461",1985-02-15,+34 841 543 043,estefania50@example.org,False,True,46673,ES
85835,Francisco Javier Giner Mateo,"Glorieta de Bibiana Perales 72 Lleida, 15396",2010-03-04,+34708 310 940,jaureguinilda@example.org,False,True,905274,ES
65911,Atilio Benigno Acosta Quevedo,"Urbanización Noa Bayo 9 Puerta 7  Murcia, 37858",2007-02-18,+34 901 919 891,claudio72@example.com,False,True,299831,ES
20974,Cornelio Redondo,"Acceso de Rogelio Estévez 98 Córdoba, 41090",1979-08-31,+34746 24 44 87,rplana@example.com,False,True,707461,ES
19479,José María Molins Mas,"Callejón Charo Bas 5 Ceuta, 01059",1985-02-01,+34924 36 64 41,bfarre@example.org,False,True,943349,ES
15677,Narcisa Sanmiguel Santiago,"Paseo de Salomé Sastre 134 Puerta 5  Cuenca, 27559",1979-05-16,+34 905592926,edelmira42@example.com,False,True,120409,ES
58570,Pascual Lumbreras,"Cañada Evaristo Girón 66 Zamora, 06316",1973-09-08,+34 718 43 90 39,morelldaniel@example.org,False,True,405390,ES
91110,Patricio de Ballesteros,"Calle de Jordán Esparza 52 Apt. 40  Las Palmas, 07217",1996-06-04,+34701741434,groda@example.org,False,True,48457,ES
58628,Itziar Rodrigo Sevillano,"Urbanización de Ariel Roma 2 Castellón, 19922",2000-03-15,+34732 600 714,pilar21@example.net,False,True,31634,ES
2278,María Carmen de Adán,"Cañada Jose Miguel Caballero 7 Piso 8  Salamanca, 28965",1972-12-02,+34721483274,amandorozas@example.org,False,False,468620,ES
97567,Josefina Cazorla Alcázar,"Alameda Rogelio Daza 379 Puerta 2  Guipúzcoa, 30209",2011-01-31,+34704 18 88 95,josefina25@example.org,False,True,345617,ES
97196,Dora Solano Solano,"Camino de Ana Barrera 58 Piso 4  Palencia, 36972",2021-02-13,+34 705 329 431,tamayomarc@example.com,False,True,336511,ES
98494,Otilia Espejo-Corbacho,"Glorieta de Mamen Pavón 4 Apt. 38  Granada, 48599",1993-05-26,+34716 769 359,miriamhuertas@example.com,False,True,557909,ES
50289,Simón Marcelino Pizarro Carbó,"Via Nuria Lillo 92 Piso 0  Zaragoza, 05606",2010-09-29,+34 701464214,dario00@example.net,False,True,907032,ES
33230,Esteban Guillen Dávila,"Cuesta de Nidia Fernandez 5 Apt. 96  Almería, 50451",2019-01-16,+34 739 22 47 32,recioalondra@example.net,False,True,664673,ES
82453,Pascual Caparrós Arregui,"Ronda de Ramón Rosado 42 Piso 3  Teruel, 35974",1997-12-01,+34 713 735 595,pcisneros@example.com,False,True,648973,ES
72342,Nélida Balaguer,"Alameda de Miguela Sanz 75 Valladolid, 03326",2020-03-04,+34 730 240 640,samu90@example.org,False,True,581974,ES
11747,Cayetana Segura Céspedes,"Pasaje de Custodio Llobet 77 Apt. 55  Girona, 50135",1985-07-18,+34 749 59 97 61,ritateruel@example.com,False,True,48156,ES
69172,Azahar Nebot Roda,"Avenida de Evelia Bilbao 745 Apt. 97  Valencia, 27777",1972-01-29,+34663 294 972,ycoello@example.org,False,True,195451,ES
9115,Sergio Soria Antón,"Cañada de Isaías Correa 1 Apt. 77  Santa Cruz de Tenerife, 24128",1977-08-11,+34 738505404,renato46@example.com,False,True,26990,ES
23053,Mirta Clemente,"Alameda de Manu Ballesteros 8 Murcia, 07525",1982-09-30,+34865 59 52 63,mminguez@example.org,True,True,945832,ES
35873,Consuelo de Alcaraz,"Alameda Marciano Alegria 86 La Coruña, 38699",2008-05-10,+34951 65 81 23,luis74@example.com,False,True,326558,ES
80790,Pepito Galiano Cózar,"Avenida de Febe Campoy 850 Piso 4  Tarragona, 14625",1977-04-05,+34818 183 830,pcruz@example.com,False,False,410707,ES
77509,Valero Padilla Cózar,"Rambla de Héctor Cervera 2 Piso 1  Baleares, 13659",1990-12-04,+34741495165,vborja@example.org,False,True,786758,ES
48615,Sabas Milla Flor,"Via Paloma León 36 Apt. 91  Córdoba, 12418",2000-03-17,+34721 485 871,leticia00@example.com,False,True,492459,ES
79979,Isa Peralta Peralta,"Plaza de Olimpia Bertrán 92 Puerta 3  Toledo, 01969",2009-08-28,+34729744941,salesetelvina@example.org,False,True,616920,ES
85497,Daniel Gibert Batalla,"Glorieta Juan Manjón 1 Piso 0  Valladolid, 18951",1998-12-23,+34742 97 59 96,lupeleiva@example.net,False,True,97730,ES
51642,Bautista Montalbán-Garmendia,"Calle Maura Flores 540 Cádiz, 10695",1971-05-15,+34 744 546 395,operales@example.com,False,True,612564,ES
48146,Calixta Vergara Villa,"Vial de Benjamín Noguera 82 Las Palmas, 47591",1974-10-22,+34887 096 848,xaznar@example.org,False,True,696329,ES
47534,Demetrio de Barriga,"Pasadizo Delfina Jordán 71 Navarra, 14625",1983-08-22,+34737 96 11 07,iriscruz@example.com,False,True,239610,ES
6721,Loreto Melisa Conde Heredia,"Camino Ildefonso Rincón 9 Castellón, 15592",1993-05-03,+34820088561,florencia00@example.com,True,True,451712,ES
93481,Nilo Codina Merino,"Plaza Aníbal Grande 6 Puerta 8  La Coruña, 06836",2009-12-03,+34 736 372 238,silvestrecorrea@example.net,False,True,200089,ES
70617,Ramiro Reyes Barrios,"Pasaje de Zaida Feijoo 14 Santa Cruz de Tenerife, 21346",1998-08-24,+34943266248,hugo28@example.org,False,True,228753,ES
49922,Julie Gómez Osuna,"Cuesta Armida Taboada 55 Puerta 7  Guipúzcoa, 24056",1982-05-17,+34 607413607,disern@example.com,False,True,631831,ES
59017,Yaiza Pino Cortes,"Ronda Flavio Cobos 36 Álava, 40035",2002-06-06,+34 749 852 679,edu74@example.org,False,True,868592,ES
17548,Baldomero Barberá,"Acceso de Maximino Ballester 99 Apt. 26  Ávila, 38201",2000-09-22,+34 658646500,fbarrera@example.org,False,True,839143,ES
61827,María José Cloe Fernandez Valverde,"Cuesta de Patricia Vargas 17 Apt. 98  La Coruña, 48855",2019-04-04,+34 910 000 270,boschmariana@example.org,False,True,913087,ES
9248,Pánfilo Boada Poza,"Glorieta de Débora Franch 856 Ourense, 38068",1990-10-11,+34740915140,celsotorrecilla@example.net,False,True,658883,ES
12418,Ramona Puga Quintero,"Pasaje Venceslás Jaén 518 Zamora, 25977",2009-12-24,+34914723764,qflores@example.com,False,True,161043,ES
31968,Cirino Calderon Alsina,"Rambla Macario Porras 22 Málaga, 05465",1978-11-25,+34961 37 79 69,moraledarosario@example.com,False,True,135771,ES
27695,María Dolores Bernat Ferrera,"Paseo de Santiago Palau 9 Zaragoza, 47318",1984-11-14,+34 916 127 734,gimenojose@example.net,False,True,37549,ES
58849,Aurelia Elorza,"Avenida de Marita Arranz 52 Asturias, 07602",1983-06-01,+34 723 559 948,carrionanastasio@example.com,False,False,497620,ES
6855,Ariel Vaquero-Peral,"Camino Bienvenida Porras 8 Palencia, 51842",1971-06-05,+34724507843,ofeliapuerta@example.net,False,True,862736,ES
18375,Mario Basilio Vall Vallés,"Pasadizo Evelia Alsina 20 Puerta 2  Guipúzcoa, 40653",2019-11-24,+34889 16 59 19,valeria72@example.org,False,True,172534,ES
15640,Olalla Gimeno Polo,"Rambla Lola Lobo 7 Piso 7  Granada, 46857",1994-08-29,+34952253788,sergio62@example.com,False,True,447148,ES
21780,Celso Cornelio Domingo Costa,"Camino Evangelina Sáenz 43 Ceuta, 04436",2001-03-22,+34738 545 332,ortegarico@example.org,False,True,299069,ES
45035,Rosalina Cuadrado Acero,"Plaza de Sabas Gomila 80 Piso 2  Guadalajara, 34462",2010-08-03,+34711342646,tmartinez@example.org,False,True,848221,ES
97750,Roberto Lupe Macías Nicolás,"Vial Sol Solana 31 Piso 8  Las Palmas, 29625",2011-03-04,+34720 74 26 13,jaumerosa-maria@example.net,False,True,362736,ES
66855,Mariana Ávila,"Acceso Macario Llorente 90 Baleares, 12840",2019-10-08,+34 738 214 650,taniasanchez@example.net,False,True,113602,ES
81136,Ovidio Prieto Vaquero,"C. Juanita Urrutia 30 Palencia, 01475",1989-09-03,+34 725 317 542,tamara04@example.org,False,True,508136,ES
57151,Anastasio Prada Vila,"Alameda Román Sanmartín 28 Piso 4  Jaén, 12235",2010-06-05,+34722 49 38 96,castrillomoreno@example.org,True,True,715713,ES
36120,Éric Ribeiro,"62, rue Voisin 18368 Gaillard-les-Bains",2021-04-05,+33 (0)3 60 43 80 89,delormeguy@example.com,False,True,246575,FR
77714,Charles Moreau,chemin Lucas 01847 TexierVille,1986-03-03,0534148697,massonxavier@example.net,False,True,880355,FR
42186,Nathalie Antoine,"112, boulevard de Muller 15538 Saint Thomas-sur-Mer",1999-12-13,02 79 51 88 61,pallain@example.com,False,True,124385,FR
13402,Louise Lagarde,"16, rue de Clerc 04365 Sainte Coletteboeuf",2005-06-24,+33 4 23 69 79 60,marysecohen@example.com,False,True,420904,FR
21275,Benjamin du Girard,"91, chemin de Bernier 44866 Marty",1973-02-01,01 70 44 13 28,noel00@example.net,False,True,519672,FR
35183,André Laine,"51, rue Thomas 23934 Saint Gérard",1971-08-16,+33 4 72 91 76 48,suzanne12@example.net,False,True,981479,FR
10500,Michel Gérard,"1, rue Sauvage 30598 Peronnec",1970-07-22,01 44 06 44 34,grondinisaac@example.net,False,True,156955,FR
29841,Marianne Bodin,"95, avenue Bernard Hoareau 91903 Ruizboeuf",2016-10-18,+33 3 62 51 01 70,vincent82@example.com,False,True,333882,FR
61440,Richard Letellier-Techer,"9, avenue de Guibert 21908 Guillot",1998-12-06,03 61 42 35 38,pgillet@example.org,False,True,408839,FR
93412,Daniel Roger,"827, rue Corinne Paris 24215 Launay",1979-03-05,+33 (0)4 34 21 57 34,tbourdon@example.org,False,True,65796,FR
33606,Nath Bousquet,"24, chemin de Renard 81008 Teixeira",2018-04-16,02 98 31 10 39,vdaniel@example.com,False,True,385644,FR
25401,Christophe Cousin,chemin Colette Chevallier 33658 Albert,2008-06-01,04 15 65 65 39,isabellereynaud@example.com,False,True,814067,FR
30698,Laetitia Hoarau du Hardy,"85, rue Evrard 10407 Joseph-les-Bains",1989-07-06,0360750668,andree21@example.net,False,False,450650,FR
12863,Sophie Poirier,"793, rue Muller 22770 Jacques",2021-01-26,+33 (0)1 40 05 75 03,emilie92@example.org,False,True,808452,FR
41977,Martin-Franck Valette,rue Guillon 80902 Weissboeuf,2017-11-16,0382247262,alfred73@example.net,False,True,10719,FR
75714,Nathalie Bernier,"8, rue de Hebert 24469 Neveu",2008-01-21,0411720041,bernardstephane@example.com,False,False,425479,FR
55178,Margaret Turpin du Mercier,"74, chemin Jeannine Olivier 64790 Marie",1972-06-05,0381100308,luc47@example.com,False,True,156780,FR
86081,Jules Breton-Menard,chemin Olivier Blanchard 46348 Pereiranec,1994-05-08,01 55 52 97 92,michel40@example.com,False,True,925892,FR
34053,Virginie Le Lévêque,"9, avenue Lejeune 66300 Saint Audrey",1998-01-14,+33 3 23 60 03 21,denislecomte@example.com,False,False,629423,FR
34804,Antoine Faivre-Mathieu,"966, rue Cécile Fernandes 83861 Cordier",1987-09-06,03 24 67 46 63,aparent@example.net,False,True,165688,FR
66072,Jules Bailly,"52, chemin Jourdan 61753 Meyer",1995-04-04,0142821090,normandraymond@example.org,False,True,236231,FR
53925,David Bailly de la Joubert,"98, chemin de Bailly 33484 ParentBourg",2012-05-10,+33 (0)3 75 20 14 86,noelroche@example.com,False,True,112485,FR
5477,Théodore Pruvost,"20, boulevard Laurent Petit 74992 Garnier-la-Forêt",2017-11-11,0142194306,denise50@example.org,False,True,490411,FR
51399,Véronique Philippe,"47, boulevard Lombard 22277 Munoz",1989-12-01,05 82 76 59 26,ule-roux@example.com,False,True,827752,FR
9382,Julien Boutin,"84, chemin de Chauvet 89814 Allard-sur-Mary",2003-04-03,+33 (0)1 76 20 54 86,luc27@example.com,False,True,807408,FR
82372,Adèle Voisin,"59, rue de Andre 51332 Hubert-sur-Joubert",2018-08-23,+33 2 49 38 11 97,ylagarde@example.org,True,True,130176,FR
97070,Geneviève-Margaud Gaudin,rue Cordier 65123 Saint Juliennec,1990-08-26,0411846662,sophie83@example.net,False,True,434771,FR
26585,Isabelle Blanchet,"72, rue Auger 58790 Étienne",1988-03-14,04 82 54 00 82,gfernandez@example.org,True,True,371824,FR
73083,Guillaume Aubry,"660, chemin Susanne Costa 33767 Jacques",1998-03-14,01 70 23 46 52,lroyer@example.net,False,True,285506,FR
71232,Marc-Jules Guilbert,"455, rue de Petit 88805 BarthelemyVille",2019-08-02,05 87 01 95 81,rarnaud@example.org,False,True,13933,FR
93905,Frédéric Perrot de Carre,rue de Gros 05635 Weber,1991-03-26,+33 4 99 69 46 25,chevalierpenelope@example.com,False,True,22737,FR
97292,Maurice-Augustin Muller,"154, rue Margaret Couturier 35892 Bodin",1977-08-08,04 71 50 27 85,nathalie73@example.com,False,True,392066,FR
93340,Simone Daniel,"25, chemin Fabre 52592 Rémydan",1985-10-03,04 13 68 23 38,genevieveroche@example.org,False,True,758235,FR
51952,Frédérique Roger-Raynaud,"489, rue Michèle Mercier 22511 Antoine",1972-02-15,+33 (0)2 37 81 96 02,aimeebazin@example.org,False,True,110773,FR
64307,Claire Maury Le Hamon,"1, rue Bonnin 75509 Dos Santos",1998-01-04,0479382791,udelannoy@example.org,False,True,511567,FR
51287,Nicole Le Charles,avenue Chauveau 41270 DijouxBourg,1978-11-15,+33 3 54 27 81 99,nguichard@example.org,False,True,959391,FR
61687,Nicolas Vidal,"77, avenue Delaunay 74472 Sainte Sébastienboeuf",1982-05-24,03 51 43 43 51,etienne31@example.net,False,True,937315,FR
82164,Victoire Delahaye,"341, chemin Roy 67628 Colin",2009-09-26,+33 (0)4 99 99 13 28,astrid90@example.net,False,False,720665,FR
76709,Richard Barthelemy,"5, chemin Girard 54224 CordierVille",2002-08-15,+33 2 72 27 98 88,alphonse47@example.net,False,True,921999,FR
19433,Danielle Riou,"32, rue Jules Gallet 36752 Barre",2011-04-09,+33 8 08 47 27 32,adriennicolas@example.net,False,True,864198,FR
56805,Jules de la Arnaud,rue Charrier 22312 Delaunay,1992-08-04,+33 (0)4 77 83 18 87,croyer@example.net,False,True,511330,FR
12638,Thierry Collin,"7, rue de Rousset 65425 Michel-la-Forêt",2004-11-01,+33 (0)1 56 67 71 39,nathaliedelahaye@example.com,True,False,728601,FR
7393,Joséphine De Oliveira,"63, chemin de Rodrigues 57813 Leduc",1985-11-17,+33 2 69 87 67 00,theophile30@example.org,False,True,411074,FR
73370,David Bernard,rue Xavier Delmas 31388 Blanc-sur-Mer,2015-07-13,02 32 09 48 26,agathe54@example.net,False,True,280266,FR
99041,Honoré Rey,"7, boulevard Baron 19484 Bouchet-sur-Mer",2012-07-06,+33 2 79 44 74 74,olivier38@example.com,False,True,697385,FR
15254,Paulette Morel,chemin Adélaïde Fernandez 28101 Teixeira,1976-04-27,+33 (0)3 10 08 67 86,hernandezclemence@example.org,False,True,679670,FR
78307,Laure du Jacquet,"26, rue de Ruiz 62844 LaurentVille",1999-12-19,+33 (0)1 43 05 07 70,dijouxoceane@example.net,False,True,181390,FR
83300,Thibaut Fernandez,"81, boulevard Nath Vasseur 81833 Carlier-sur-Philippe",2005-07-12,0371606054,thomascoste@example.com,False,True,815985,FR
47360,Pauline-Claude Adam,"76, avenue Benjamin Nicolas 73556 Sanchez-sur-Ramos",1978-06-29,+33 (0)5 65 31 68 95,parentmargaret@example.org,False,True,339032,FR
71832,Émilie Duhamel,"46, chemin de Leblanc 85685 Joly",1988-05-16,+33 4 92 77 80 80,olacombe@example.com,False,True,545825,FR
26958,Jacqueline Hervé,"52, boulevard Arnaud 00238 CostaBourg",1972-06-18,0369952795,patrickcoulon@example.org,False,True,168022,FR
40441,Gabriel Roux,"68, avenue de David 41113 Perrindan",2019-08-21,02 14 71 50 95,cordierchristelle@example.com,False,True,584837,FR
46729,Diane Lesage,"92, rue Bernadette Weber 86421 Garcia",1994-01-30,0411126953,lerouxaimee@example.net,False,True,447199,FR
21993,Thibault Perrin-Pineau,"4, avenue Bonneau 53421 Allain",1997-03-28,+33 (0)5 32 91 59 18,mdeschamps@example.org,False,True,782522,FR
68207,David Boucher,"84, avenue Claire Dias 22474 Perrot",2016-08-19,01 69 49 31 73,reneemoulin@example.org,False,True,927418,FR
43430,Paul Perrot,"24, rue Vincent 35541 Saint OdetteBourg",1979-01-12,0385772860,alix35@example.net,False,True,834705,FR
13094,Emmanuel de Albert,"565, avenue Richard Étienne 91982 Chrétien",2004-11-07,+33 (0)3 81 52 81 41,charles79@example.com,False,True,374078,FR
45977,Bernard Maréchal,"173, boulevard de Navarro 02141 Allard",1982-02-11,+33 (0)2 49 57 28 29,cdubois@example.com,True,True,61930,FR
78467,Audrey Vincent,"219, chemin de Bertin 11615 Cousin-sur-Regnier",1983-05-18,+33 4 88 20 55 72,mauricecelina@example.org,False,True,889135,FR
30367,Roland Sanchez,"90, avenue de De Sousa 96448 Sainte Luc",1988-07-19,0468685949,josephinelemaire@example.net,False,True,333133,FR
97376,Susanne-Madeleine Guillet,"947, boulevard de Delahaye 90082 Saint Honoré",1975-08-02,+33 1 88 63 58 85,bernardgerard@example.org,False,True,22962,FR
89763,Émile Bailly,"79, avenue de Chevalier 06740 Saint Alex",2006-07-03,0524947111,luc95@example.org,False,True,920207,FR
16061,Marie Dijoux,"71, rue Diane Mary 22668 Faureboeuf",1986-10-27,+33 4 65 67 06 95,guillaumeantoine@example.org,False,True,855317,FR
8589,Luce Delahaye de la Antoine,"32, chemin de Muller 75909 Sainte Laurence",1991-02-15,+33 1 70 35 72 97,simone41@example.org,False,True,422950,FR
21231,Nath Ferreira,"54, chemin Poirier 59201 Gérard-sur-Lamy",2021-01-19,+33 (0)2 53 52 49 31,luce31@example.com,False,False,756893,FR
9662,Théophile Rivière,"92, boulevard Colette Marchand 03206 Sainte Céline",1980-08-17,0160296032,piresphilippine@example.net,False,True,98908,FR
65464,René Clément,"20, boulevard de Launay 37362 Delannoy",1996-05-27,+33 (0)4 81 09 31 85,alvesaime@example.org,False,True,906063,FR
19441,Édouard Besson,chemin de Richard 28239 Bouchet,1974-11-06,+33 5 08 25 98 10,lorrainefaivre@example.net,False,True,251042,FR
55139,Maggie Bodin,"49, chemin Laurence Renaud 79736 Courtois",2007-12-05,+33 (0)4 57 29 94 54,alphonse33@example.net,False,True,396116,FR
88634,Alix-Adélaïde Blanchard,"213, rue de Traore 56943 Muller-sur-Mer",2011-07-30,+33 1 77 20 11 41,rolandroussel@example.org,False,True,126904,FR
68288,René Le Perrier,"962, boulevard de Pinto 91435 Texier",1974-05-08,05 36 11 01 18,hmartin@example.com,False,True,808910,FR
44577,Denis-Thierry Parent,"86, avenue Rivière 81336 Humbert",1978-09-14,05 90 68 28 25,dde-sousa@example.net,False,True,916185,FR
95211,Adélaïde Rocher Le Baron,"913, chemin Daniel Alexandre 79878 Jean",1996-12-02,+33 (0)4 30 76 07 08,morelpatricia@example.org,False,True,859027,FR
38856,Laurence Adam de Buisson,"58, rue Henri Peron 62233 Saint Augustinnec",1982-10-23,04 65 42 96 37,toussaintclaudine@example.net,False,True,860151,FR
9488,Alfred Paris,"25, rue William Dumont 25104 Kleinboeuf",1996-08-08,04 92 91 22 92,wbouchet@example.com,False,True,817749,FR
80571,Susanne Barthelemy,"41, boulevard Maillot 45946 Ollivierdan",2005-06-05,02 90 98 77 16,fmary@example.net,False,True,743767,FR
15696,William Jourdan,"59, rue Barre 55229 Ribeiro",1995-07-30,+33 (0)1 73 94 01 42,qrey@example.com,False,True,752816,FR
58164,Nathalie Guyot,boulevard de Wagner 91809 Bodin-la-Forêt,1991-05-28,02 30 47 59 07,jdeschamps@example.com,False,True,970715,FR
34394,Christine-Audrey Weber,"167, rue Jacques 92777 DijouxBourg",1985-01-27,0587383368,dorotheelecomte@example.com,False,True,40296,FR
43098,Théophile Royer,"77, avenue Emmanuel Monnier 98640 Gay",1979-11-24,+33 1 72 18 43 90,jacquelinepoulain@example.com,False,True,18948,FR
91802,Marthe De Sousa,"761, rue de Schmitt 95606 Wagner-sur-Mer",1990-04-09,0176285863,fleuryaimee@example.net,False,True,410321,FR
58765,Adrien Loiseau,"88, avenue Morin 95795 Boulayboeuf",1979-05-29,0495769950,rollandnicolas@example.com,False,True,672138,FR
63270,Frédéric Mallet,"21, avenue de Rousseau 62824 Rodriguez-sur-Leclerc",1990-08-09,0477706686,eschneider@example.net,False,True,841548,FR
59382,Pénélope du Rodrigues,"93, rue Martine Mahe 33202 Dupréboeuf",2017-08-14,0567227839,pierre29@example.org,False,True,603772,FR
57253,François Ruiz-Coste,"86, avenue Raymond Duhamel 70746 Carre-sur-Mer",1999-03-12,02 40 70 40 93,eferrand@example.org,False,True,538246,FR
66384,Isaac Gilbert,rue René Lagarde 39510 Chauvet,1985-08-31,+33 (0)3 90 90 68 51,zoe58@example.org,True,False,943713,FR
95429,Michelle Bazin-Merle,"56, boulevard de Delattre 48835 Lejeune-sur-Moulin",1978-07-13,0567186575,rouxchantal@example.com,False,True,941614,FR
41932,Juliette-Cécile Mallet,"464, boulevard Zoé Vincent 10432 Sainte MartineVille",1979-08-02,+33 2 51 89 43 34,michelnicolas@example.net,False,True,612126,FR
42996,Corinne Barre Le Barthelemy,"91, rue de Sauvage 76931 Michel",1985-07-01,0564048602,lainepenelope@example.net,False,False,539266,FR
47933,Victor Godard,"517, avenue de Dufour 83172 Saint Marine-les-Bains",1980-06-23,+33 3 86 53 06 34,margaudde-sousa@example.org,False,False,707134,FR
20157,Marcelle Hamel-Blot,"1, chemin de Chrétien 89681 MauryVille",2006-11-14,01 79 08 14 07,hrodriguez@example.com,False,True,296875,FR
41051,Christophe-Théophile Lopez,"8, rue Loiseau 89075 Morel-les-Bains",1981-08-03,03 80 84 43 19,mleclerc@example.com,False,True,92723,FR
44182,Célina de la Ollivier,"890, chemin de Poirier 43062 Martinez-les-Bains",2006-05-23,02 46 27 05 11,jacqueshuet@example.com,False,True,47312,FR
86944,Sébastien Riou-Colas,avenue de Pichon 52096 Labbé-sur-Alves,2020-11-09,+33 (0)5 58 75 95 51,barthelemysabine@example.org,False,True,256030,FR
83509,Élise du Girard,rue Lamy 69598 Laurent,1987-10-18,0581195582,peronphilippine@example.com,False,True,698343,FR
35830,Grégoire Roger,"3, rue Hubert 24158 Saint Isabelle",1987-02-15,0368631532,madeleine50@example.org,False,True,157005,FR
7431,Thierry-William Muller,"64, boulevard de Lévêque 91294 Lamy",2019-08-30,+33 5 57 65 63 47,qpelletier@example.com,False,True,281822,FR
4043,Adèle Perrot-Da Silva,"410, boulevard Legros 77051 Guilbert",1978-11-17,0232632214,thibaut82@example.com,False,True,317166,FR
56112,Josette Gaillard Le Fournier,"389, rue de Rémy 34011 Saint Lucas",1977-07-05,0254633821,cgauthier@example.org,False,True,381765,FR
28122,Thierry Leroy,rue Guillaume 58283 Leroux,2004-11-20,+33 (0)2 21 86 36 18,le-goffleon@example.org,True,True,174518,FR
49703,Dawn Brown,"501 Rice Fords Clarkberg, GU 18817",1981-07-10,443.770.1701,rpeterson@example.org,False,True,29373,US
33900,Cindy Spencer,"324 Desiree Summit Michaelville, MI 70512",2016-07-27,464-754-0840x356,rickchambers@example.org,False,True,583938,US
61908,Anthony Massey,"3324 Murray Extensions Apt. 651 North Patrick, PW 44743",1987-11-15,089-252-0598,barbarahawkins@example.org,False,False,503046,US
81572,Jessica Snyder,"PSC 2854, Box 4570 APO AA 92481",1975-02-17,870.693.0126x31218,amanda08@example.com,True,True,212344,US
99337,Henry Fox,"PSC 4782, Box 9255 APO AA 98472",1986-10-04,7753656808,rojaskayla@example.com,False,True,870465,US
43509,Hannah Williams,"93441 Michaela Tunnel Apt. 620 Beckerfort, PA 43381",2001-01-07,(761)185-4914x35130,xdrake@example.com,False,True,445285,US
50848,Kathryn Baker,Unit 3466 Box 1809 DPO AA 21606,2008-05-19,625.735.4628x540,ecantrell@example.com,True,True,731616,US
79885,Gabriel Morgan,"94539 Brian Estate West Andrew, VA 36033",1976-09-26,316.239.1217,nathaniel77@example.net,False,True,609833,US
19375,Megan Bowers DDS,"1395 Frank Falls South Ashleestad, MD 95329",2017-11-18,(098)844-6651x113,kvargas@example.org,False,True,563846,US
21927,Cheryl Howard,"93241 David Hollow Suite 484 Lake Lisa, MN 65870",1994-05-11,(447)728-6784,steventerrell@example.org,False,True,423456,US
2253,David Collins,"954 Kara Isle Suite 715 Villamouth, OR 03186",1988-09-08,+1-521-612-3928x3999,johnalvarez@example.org,False,True,246434,US
6462,Renee Mccoy,"7808 Murray Drives Suite 302 Suttonborough, GA 11532",2003-01-20,324-898-7521x63678,andreawallace@example.org,False,True,209151,US
22206,Jennifer Floyd,"92111 James Flat Lake William, NM 73900",1996-07-22,0093143942,stephanie59@example.com,False,True,396344,US
74646,Janice Rose,"572 Cruz Flats West Monicamouth, NH 67666",2003-04-11,+1-743-310-6984x72001,phillipseddie@example.net,False,False,80909,US
10919,Travis Daniel,"1671 Wood Tunnel Apt. 428 South Brittney, MP 52929",2014-12-06,621.677.6491x6596,htucker@example.net,False,True,350176,US
43305,Amanda Brewer,"04304 Peter Village Lake Brenda, AZ 61795",1992-08-22,337.692.0808x603,kevin03@example.net,False,True,141942,US
74495,Jerry Yu,"4841 Roberts Center Apt. 166 Port Amybury, PR 54348",1978-08-06,001-504-399-5500x081,chad48@example.com,False,True,818728,US
94494,Cody Brown,"284 Espinoza Forks Apt. 898 Monicafort, AL 79507",1974-05-29,(515)341-2503x42015,brownjohn@example.com,False,True,677807,US
24143,Amy Guzman,USNV Buck FPO AE 60652,2011-02-19,001-181-109-9332,cperez@example.net,False,True,819918,US
5163,George King,Unit 5286 Box 1768 DPO AP 14723,1997-03-21,5159054049,christopher85@example.com,False,True,257416,US
14410,Micheal Russell,"9442 Henderson Forks Apt. 869 Moorefurt, WA 97111",2022-02-14,780-641-1381x3943,trujillorobert@example.com,False,True,656987,US
16147,Miss Kathleen Moses,"674 Anderson Estate Apt. 714 Henryland, MS 31464",2021-04-08,063-630-4225x684,vhall@example.net,False,True,202929,US
85656,Jade Walker,"01592 Robert Cliffs Nguyenberg, TN 19384",1976-03-31,001-719-847-8472,shannonhayes@example.org,False,True,800351,US
99559,Leroy Alvarado MD,"33250 Ashley Gateway Christopherstad, GA 50885",1981-03-07,(073)098-7887x180,ysalas@example.org,False,True,735879,US
60148,Richard Bishop,"712 Hawkins Light Suite 605 East Janetborough, OR 41178",1973-10-03,856-415-2814,kathryn38@example.org,False,True,618021,US
59597,Jesse Jennings,"69863 Kaitlyn Passage Suite 631 West Karenport, CO 38156",2006-09-11,001-227-470-8228x748,dawnwilliams@example.net,False,True,339193,US
80647,Jason Rowe,"15939 Bowers Fork Apt. 895 Port Loriborough, WY 76697",2006-12-28,731-558-4305x5961,donald80@example.org,False,True,217781,US
54020,Christopher Michael,"1414 Anna Well Suite 648 North Tinatown, MA 43988",1998-02-28,204-524-7401x7527,hollandsherry@example.com,False,True,389453,US
83431,Katelyn French,"30885 Hood Bridge Apt. 882 Mariaville, TN 08385",1973-06-21,(087)058-7102x396,michealcabrera@example.com,False,True,805949,US
55134,Dennis Wise,"265 Audrey Spurs Bryanborough, VT 36039",1984-08-08,001-291-808-3641,fbaker@example.net,False,True,487998,US
23797,Austin Rose,"626 Nunez Harbors East Jon, ND 65626",1983-03-03,001-581-159-0083x938,jasmine25@example.org,False,True,655253,US
80367,Alejandro Lloyd,"19090 Nicolas Forges New Brian, AZ 48161",1979-03-19,299.703.9373x126,smithmichelle@example.com,False,True,543583,US
39466,Jane Alexander,"1821 Shea Pike Toddmouth, CO 78602",2015-11-01,8517311546,kristinweaver@example.com,False,True,697959,US
15996,David Lee,"4108 Thomas Pines South Brittanychester, DC 33988",1994-10-26,001-635-546-6152x559,ferrellthomas@example.net,False,True,643046,US
25396,Tyler Lloyd,"65343 Charles Burg Suite 829 New Kimberly, MI 48457",2006-03-11,826.562.6891,jonesana@example.org,False,True,396176,US
62614,Donald Miller,"88260 Frye Bypass Apt. 274 North Matthewshire, PW 25891",2019-11-25,709-262-9149x8866,stephaniegonzales@example.com,False,True,89354,US
67305,Thomas Ho,"PSC 1747, Box 4272 APO AA 35567",2013-05-12,1779546958,marksmith@example.org,False,True,894705,US
33330,Annette Ballard,"092 Logan Knoll Apt. 424 Barbaraburgh, MS 42248",1978-04-07,(974)428-7710,kristamccarthy@example.com,False,True,49181,US
18641,Mary Anderson,"560 Ramos Freeway Suite 871 New Melaniemouth, IN 94130",1998-01-15,001-229-293-8110x273,adamsryan@example.com,False,True,366091,US
45827,Paul Donaldson,"9805 Francis Fords East Melanieside, NJ 36029",1985-11-13,+1-588-756-1593,smithsusan@example.net,False,False,570294,US
22327,Timothy Fischer,"50034 Michael Mill Apt. 351 Kyleshire, MO 08028",1984-03-04,(792)197-4724x840,ylane@example.net,False,True,443259,US
18567,Mark Bradley,Unit 3192 Box 4449 DPO AE 96631,2010-05-04,(328)464-2473x3455,mariadavis@example.net,False,True,510388,US
31883,Charlene Norris,"4276 Martin Squares Suite 799 Guerreroton, WV 84112",2002-10-05,659.666.4699,courtneyrodriguez@example.net,False,True,541426,US
57787,Jeffrey Scott,"23358 Danielle Square Frankchester, IA 38651",1986-09-20,102-406-4588x784,harveyanthony@example.com,False,True,45897,US
53389,Catherine Vega,"694 Stout Walk Sonyafort, GU 86171",1990-11-19,898.237.4549x031,rhondahaynes@example.com,False,True,399143,US
87954,Gregory Rice,"4358 Torres Tunnel North Candace, IN 26322",1990-05-03,(406)299-5778x471,hjohnson@example.org,False,True,483011,US
98574,Matthew Wolfe,"735 Cheryl Courts Apt. 359 South Katherinemouth, AK 03365",2010-02-09,252.050.6737,kberg@example.com,False,True,166527,US
20052,Mary Johnson,"4193 Garcia Stream Apt. 056 West Jacquelineshire, FL 23411",1974-11-22,363-870-9629x276,omiller@example.com,False,True,771150,US
41252,Annette Stevens,"80737 Kelly Cliff Suite 862 Matthewside, MA 14367",2004-02-25,240.081.8328,rachelbaker@example.net,False,True,763197,US
62822,Thomas Casey,"75777 Jill Estates Suite 238 Port Jakebury, WY 70573",2016-12-31,001-841-022-1542x02849,smithamy@example.org,False,True,251292,US
42203,Joseph Bartlett,"4679 Rodriguez Lock Lake Austinberg, HI 75323",2000-11-07,288-268-4082,derekstewart@example.org,False,True,963592,US
97645,Eddie Poole,"268 Jennifer Keys Robertborough, NE 05534",2007-07-21,526-049-3264x64740,steelejoshua@example.com,False,True,341668,US
12481,Steven Murray,"82035 Le Place Johnsonbury, KY 86168",2006-05-07,(169)461-3602x744,dana46@example.net,False,True,542575,US
38775,Joshua Bradford,Unit 6385 Box 1285 DPO AE 65889,2016-10-25,685.448.5819,thompsonstephen@example.org,False,True,150288,US
17463,Lisa Bender,"6637 Kathleen Place Suite 803 South Justin, ME 20711",2012-08-27,905-453-1687x9706,chadmorgan@example.com,False,True,108593,US
42413,Hannah Hill,"647 Michael Inlet Parkermouth, AL 10993",2000-02-13,+1-570-243-2542x533,brittany64@example.net,False,True,94386,US
99828,Jackie Robinson,"3643 Kathryn Flat Apt. 407 East Robert, NJ 44986",2011-01-17,001-190-609-1547x8217,omiller@example.com,False,True,62531,US
51351,Brian Joyce,"537 Gonzales Fields West Edwardhaven, RI 30865",1979-06-11,491-114-6625x970,gboone@example.net,True,True,533631,US
7442,Ann Joseph,"519 James Vista East Tylerton, NE 87872",1984-05-29,(455)963-7976x03391,toddhodges@example.org,False,True,83987,US
33623,Stephanie Zamora,"26221 John Glens East Darren, MA 04159",1993-02-02,+1-284-688-9816x9039,ramirezkathryn@example.net,False,True,436433,US
2041,Ronald Perry,"8122 Gibbs Bridge Apt. 354 Kristenview, WI 75237",1999-10-12,311.770.5586x96595,parkssteven@example.org,False,True,910552,US
18303,Katelyn King,"07126 Kristin Port Apt. 741 Stanleyborough, AK 20742",2015-02-03,(373)073-4293x05776,navarroglenn@example.net,False,True,14035,US
32711,Tara Lewis,"4279 Donna Drive Lake Matthew, LA 11109",2022-07-10,(428)121-0529,jgonzalez@example.com,False,True,798196,US
25662,Isaiah Cameron,"3955 John Overpass Suite 540 Lake Lisaville, MD 91328",1986-03-23,+1-685-296-2580x49277,michaelporter@example.com,False,True,819083,US
12818,Christina Martinez,"213 Ruben Plain Port Sherri, NM 75994",1999-01-12,(368)994-9013x57668,tammytrujillo@example.org,False,True,731146,US
37356,Jay Alvarez,"348 Smith Branch Suite 227 Lindseybury, NM 34388",1980-11-18,001-125-196-7038x8775,james50@example.net,True,True,398896,US
48779,Sabrina Black,"25244 John Rapid Sheltonport, KS 70795",1979-05-19,001-459-314-5056x19066,hodgetimothy@example.org,False,True,420084,US
25218,Michelle Smith,Unit 5989 Box 2945 DPO AA 30201,1981-06-25,463-414-6862,watsonmary@example.net,False,True,970544,US
26202,David Harris,"97429 April Alley Suite 438 North Larrytown, NE 07461",2009-09-18,001-601-727-5467x242,gcarroll@example.org,False,True,679412,US
68479,Cindy Brown,"126 Smith Locks Donnatown, NC 63698",1978-06-18,001-224-284-5885,pbullock@example.net,False,True,109814,US
95150,Sherri Bennett,"2606 April Bridge Martinmouth, GA 47912",2014-04-18,862-283-1041,xmiller@example.com,False,True,641939,US
77132,Kathleen Allen,"4699 Elizabeth Turnpike Sonyahaven, NJ 50751",1993-05-08,+1-222-357-3472x640,erinkelley@example.net,False,True,227288,US
94361,Scott Lee,"624 Campbell Wells Susanburgh, CA 51588",1991-04-17,586.599.1658x240,richard29@example.net,False,True,946504,US
24811,George Salinas,"947 Nicole Junctions North Joshuamouth, WY 28019",1997-06-28,001-830-621-2877,woodshector@example.org,False,False,63323,US
33015,Jennifer Martinez,"48255 Kristen Squares Apt. 786 South Pamelatown, ID 11610",1996-12-11,805.811.2908,anthonylong@example.com,False,True,856929,US
84707,Lacey Byrd,"PSC 4973, Box 3817 APO AE 10965",1983-05-07,408.184.9775x45684,bhartman@example.com,False,True,481390,US
6565,Joshua Underwood,"57696 Jeffrey Lodge Apt. 336 Gloverburgh, DE 41060",2012-09-14,374.764.7639x51481,diananelson@example.com,False,True,221640,US
34328,Timothy Moore,"61613 Johnathan Cape Suite 862 West Matthew, AR 07896",1970-11-03,(836)728-2779x477,sandrareed@example.org,False,True,219556,US
53906,Kenneth Gross,"967 Rachel Mill Apt. 364 West Haley, IA 95510",2019-10-21,001-276-840-5671x29607,sharon25@example.com,False,True,414517,US
26777,Shaun Garcia,"595 Connie Roads Apt. 140 Alexisland, GU 72436",1985-10-27,165-369-5056,travisnolan@example.org,False,True,422066,US
46133,Lisa Snyder,"0333 Ortiz Extension Suite 897 North Jennifer, NV 27904",1978-01-27,(996)584-2806x3696,jacksonsarah@example.org,True,True,269971,US
39921,Joseph Hooper,"72806 Peterson Flats Suite 285 Millerville, SD 89793",1979-01-19,495-116-2529,fletchertara@example.org,False,True,829858,US
63222,Stephen Torres,"52669 Combs Mills South Anastad, MA 82280",2000-11-03,+1-992-307-1005x61918,deannahall@example.net,False,True,907616,US
52778,Gerald Kaiser,"0497 Justin Locks Suite 860 Butlerburgh, CO 70417",1984-05-24,001-785-314-2843x4410,smithkayla@example.com,False,True,398103,US
10568,Michele Rodriguez,"5451 Hill Brook Apt. 784 New Brittany, VT 63800",2017-05-09,2073668431,thomasroberts@example.net,False,True,990902,US
99720,Jennifer Hoffman,USCGC Brooks FPO AE 99769,1980-03-09,048-516-0329x0867,estesrichard@example.org,False,True,256875,US
21391,Christopher Hendricks,"PSC 9173, Box 8973 APO AA 10322",2007-08-19,528.863.3141x067,amanda32@example.com,False,True,647617,US
38756,William Powell,"13806 Stephen Spurs New Jeffreyton, GU 18475",2004-03-18,626-750-5777x0017,qrobinson@example.com,False,True,165175,US
1755,Amanda Patton,"59886 John Points New Marystad, NE 31037",1995-02-10,791-453-0445,bsantiago@example.com,False,True,581112,US
62596,Sandra Craig,"PSC 7157, Box 3809 APO AA 60643",1999-10-28,001-783-176-9485x234,jenniferkelly@example.com,False,True,648373,US
49380,Wanda Mcfarland,"0337 Williams Spur Apt. 454 New Grace, NJ 67584",2013-05-02,001-941-526-1234x39574,ktucker@example.net,False,True,801086,US
50234,Jamie Hill,"51150 Patricia Centers Lake Adambury, LA 69618",1992-03-02,(154)169-7562x69592,xelliott@example.org,False,True,10653,US
82316,Kyle Chen,"35767 Rocha Branch Stewartborough, WI 39670",1992-03-04,477.883.4348,kennethevans@example.net,False,True,466620,US
7951,Kevin Ross,"358 Becker Vista Nguyenstad, VI 54826",2018-03-14,001-702-933-8769x0147,omosley@example.org,False,True,533744,US
19626,David Patterson,USNS Rice FPO AP 16761,1974-06-09,(862)448-5877,nwilliams@example.net,False,True,510730,US
10527,Andrew Liu,"383 Peggy Locks Suite 407 Port Tammy, AS 77103",1996-10-17,7638338819,xtran@example.com,False,True,577840,US
99565,Ryan Smith,"PSC 5479, Box 5343 APO AP 23891",1989-12-15,(871)401-6071,brodriguez@example.net,False,True,167968,US
93903,Stephanie Case,"80584 Karina Mountain Suite 242 Thomasview, NJ 74398",2000-10-08,9852485763,thomas77@example.com,False,True,874405,US
76851,William Powell,"7347 Rodriguez Garden Apt. 457 Rachelmouth, ME 72167",1992-12-25,430.275.3914,sbrooks@example.org,False,True,762068,US
4817,Andrew Olson DVM,"4153 Cheyenne Fort Lake Emily, DE 04997",2022-09-07,149.034.4654x047,rayjames@example.org,False,True,644087,US
