id,name,address,date,phone,email,excluded,approved,balance,countryId
15007,Joana Monteiro-Gaspar,"Avenida Iara Gaspar, S/N 6473-813 Santa Cruz",2015-08-21,201793045,julia48@example.org,False,False,637062,PT
47355,Lara Borges,"Rua de Pacheco, 1 3793-319 Vila Nova de Famalicão",2007-07-22,(351) 287 204 251,vaztiago@example.org,True,True,953150,PT
37050,Emília Carneiro,"Rua de Carvalho, 83 1691-895 Valpaços",1983-05-17,+351926753275,tatiana81@example.com,False,True,857732,PT
47304,Matias Cruz,"Alameda de Nun'Álvares Pereira, 67 6297-834 Torres Vedras",2007-04-17,(351) 937 347 822,tgomes@example.net,False,False,625793,PT
59324,Renato Fernandes,"Alameda Gaspar, 9 5332-729 Miranda do Douro",1994-10-22,(351) 967347038,melanie12@example.net,False,False,35690,PT
74214,Érica Morais,"Praça Pinheiro, 81 6497-839 Faro",2013-07-10,(351) 275 790 014,camilaandrade@example.com,False,True,67313,PT
52024,Bárbara de Lourenço,"Av Reis, 61 7285-315 Mangualde",1986-06-16,961 970 356,isaacpinheiro@example.org,True,True,582496,PT
39226,Mia Assunção,"Travessa Nunes, 38 2433-878 Barreiro",1979-11-13,(351) 272006975,davidabreu@example.org,False,True,721544,PT
22181,Rodrigo Batista,"Largo Pires, 567 5902-713 Amarante",2007-05-07,+351935854456,camilamachado@example.net,False,False,983049,PT
93086,Joel Maia,"R. Nogueira, 15 4560-976 Aveiro",2009-10-24,(351) 961501342,bribeiro@example.net,False,True,485225,PT
77670,Marcos Cruz,"Largo Central, 51 8038-994 Vila Franca de Xira",1981-12-07,964545227,costasoraia@example.net,False,True,633076,PT
32452,Benjamim do Valente,"Alameda Cláudio Ramos, 77 8388-256 Entroncamento",1989-10-15,(351) 963 684 026,naiaravalente@example.net,False,False,443594,PT
13252,Adriana-Juliana Leite,"Travessa de S. Macário, 41 4744-479 Costa da Caparica",1973-12-31,+351914343015,dmachado@example.com,False,True,206451,PT
7659,André Rodrigues,"R. Ema Almeida, 3 4186-379 Moura",1994-05-14,(351) 910 374 045,tpires@example.net,False,True,889809,PT
80190,Frederico Pinho,"R. dos Aliados, 328 2347-582 Valongo",2019-12-01,(351) 965 630 455,wassuncao@example.com,False,False,100872,PT
76972,Noa Gaspar,"R. de Rodrigues de Freitas, S/N 6858-877 Anadia",1976-05-06,203 961 817,bvieira@example.net,False,True,237726,PT
5743,Denis Melo-Valente,"Travessa de Guerreiro, 449 2271-204 Sines",2015-08-20,919576802,brancojorge@example.org,False,True,517000,PT
48931,Santiago Azevedo,"Rua de Pinto, 308 3236-193 Póvoa de Santa Iria",1994-01-23,207671588,henriquesnadia@example.org,False,False,977061,PT
30080,Raquel Azevedo,"R. Mota, S/N 7066-327 Rio Maior",1996-12-23,(351) 299 571 211,kcarvalho@example.org,False,True,666738,PT
55796,Marcos da Oliveira,"Largo de Cardoso, 78 1944-221 Agualva-Cacém",1973-09-10,+351931210059,carloscruz@example.net,False,True,795869,PT
98110,Jorge Amaral,"R. Rafael Nogueira, 9 6133-504 Gandra",2021-11-05,(351) 299 202 137,bamaral@example.net,False,False,540468,PT
69002,Salomé Gaspar-Mota,"Largo do Buraco, 93 5762-354 Valpaços",1988-03-04,930 549 887,tomemoura@example.org,False,True,457958,PT
69383,Flor Pinho,"Praça Nicole Costa, S/N 0899-878 Rio Tinto",1985-12-24,290 671 263,fariasara@example.net,False,True,961484,PT
13297,Simão Matias,"Praça Egito Gonçalves, 78 2531-434 Moura",1970-01-07,928647042,macedoluciana@example.com,False,True,273326,PT
34311,Yara Moreira,"Alameda Brian Nascimento, 2 5288-231 Marco de Canaveses",1976-02-08,(351) 933471606,azevedonaiara@example.com,True,False,881456,PT
38862,Camila Nascimento,"Avenida Barbosa, 3 5853-493 Rio Maior",2016-02-15,(351) 924 465 294,maurogaspar@example.org,True,True,787376,PT
88211,Rúben Assunção-Reis,"Rua Pilar Sá, 382 3384-406 Torres Novas",2018-11-12,(351) 912 046 499,nicoleloureiro@example.org,False,True,400985,PT
5347,Jaime Vieira,"Av Ferreira, 14 3690-910 Guarda",1994-10-12,963461374,renata34@example.net,False,True,996028,PT
18367,Anita de Anjos,"Praça Jaime Vaz, 85 9859-671 Câmara de Lobos",1987-05-22,(351) 962723247,patricianogueira@example.org,False,False,863260,PT
76,Mia Freitas,"Av Marcos Henriques, 79 2982-886 Guarda",2007-07-20,(351) 966 083 214,mnunes@example.org,False,True,359320,PT
18146,Constança Morais,"Alameda Jéssica Loureiro, S/N 0897-049 Figueira da Foz",2013-01-10,(351) 934515172,mneves@example.com,False,False,60425,PT
78048,Alícia de Andrade,"Largo Coronel Marques Júnior, S/N 5600-665 Póvoa de Varzim",1976-10-10,937 306 971,barbara51@example.com,False,True,937734,PT
89587,Emília Batista,"Largo de Pereira, S/N 1522-068 Pombal",1973-06-11,217287968,kelly40@example.org,False,False,982493,PT
4208,Matias Carneiro,"Praça de São Lourenço, 68 0968-694 Tavira",2016-11-03,911 143 504,tmarques@example.com,False,True,616116,PT
95267,Francisca Loureiro,"Rua Lopes, 8 9069-618 Aveiro",1985-10-16,913 968 675,pireslourenco@example.org,False,False,467487,PT
86928,Sérgio Barros,"Travessa Cunha, 2 6779-541 Oliveira do Bairro",1981-05-30,(351) 266 346 654,fariajulia@example.com,False,True,212640,PT
45386,Juliana Barbosa,"Av do Molhe, 4 2450-578 Elvas",2009-11-27,+351934566581,kevimloureiro@example.net,False,True,726971,PT
94265,Marco Fonseca,"Travessa de Brito, 31 4425-970 Queluz",2022-11-21,(351) 962 875 870,brancodenis@example.org,False,True,374751,PT
63184,Yara Castro,"Av das Antas, 566 6827-742 Sabugal",2003-07-28,(351) 263243355,qnascimento@example.org,False,True,170116,PT
95209,Igor Nogueira,"Alameda Henrique Assunção, 12 0980-634 Braga",1977-07-24,(351) 293113502,luciana66@example.org,False,True,262089,PT
71956,Larissa Pinto,"Rua Neto, 8 9259-765 Póvoa de Santa Iria",2016-06-23,255 303 980,fernandesluana@example.com,False,True,629254,PT
32336,Enzo Machado,"Largo de Moura, 86 1538-289 Bragança",1989-02-08,(351) 258 766 698,bbaptista@example.com,False,True,797638,PT
77131,Rodrigo Reis,"Rua de Teixeira, 56 9642-301 Rio Tinto",2008-08-06,(351) 928756093,floureiro@example.org,True,True,562474,PT
20891,Mateus Ramos,"Rua Gonçalves, 20 1855-424 Oliveira do Hospital",1976-12-15,+351932142105,gasparluis@example.com,True,True,111403,PT
87766,Larissa Soares,"Largo do Dr. Antunes Guimarães, 50 2364-653 Angra do Heroísmo",1995-06-28,+351923969876,lsantos@example.com,False,True,397989,PT
90277,Renata Sá,"R. Ângelo Santos, 84 4962-591 Covilhã",1971-03-31,960 845 995,martinsfilipe@example.org,False,True,271052,PT
43142,Alexandre Machado,"Alameda Sá, 26 7079-530 São João da Madeira",1970-03-12,(351) 225 362 851,ngoncalves@example.net,False,True,849123,PT
38552,Santiago Domingues,"Largo do Falcão, S/N 5355-342 Pombal",2001-01-31,(351) 919 897 197,madalenaazevedo@example.com,False,True,184401,PT
26683,Vitória Monteiro,"Praça de Oliveira, 5 8249-349 Póvoa de Santa Iria",2022-05-19,(351) 961096404,lucia39@example.net,False,True,544030,PT
6204,Carlota Assunção,"Avenida Lia Jesus, 74 5073-498 Lamego",2016-05-24,964 099 981,kborges@example.com,False,True,711070,PT
77646,Micael Soares,"Largo Carvalho, 78 1831-344 Barreiro",2018-12-26,(351) 933876130,qvieira@example.com,False,True,537345,PT
42148,André Baptista,"R. William Moreira, 639 8143-062 Mangualde",2008-03-30,+351224574405,costafilipe@example.net,False,False,728488,PT
50338,Emma Sousa,"Rua dos Ferreiros, 935 0632-467 Freamunde",1994-06-15,928 150 328,alicia06@example.net,False,True,911001,PT
93696,Leandro Cunha,"R. Edgar Castro, 7 1726-913 Estremoz",1971-05-27,(351) 923 890 164,sebastiao20@example.com,False,True,187914,PT
19990,Marta-Bianca Garcia,"Avenida Carlos Moura, 20 0501-302 São Mamede de Infesta",1972-08-24,(351) 931029801,constancabarbosa@example.org,False,True,542465,PT
64084,Igor Santos,"Travessa Vitória Macedo, 7 3199-500 Mêda",2003-06-23,(351) 933440867,lmelo@example.org,True,True,4047,PT
87285,Sandro Ferreira,"Av de Vieira, 666 1799-222 Oliveira do Hospital",2005-05-02,+351245213970,daniela52@example.com,False,True,623718,PT
19891,Clara Esteves,"Rua Cruz, 755 2933-030 Tarouca",2001-02-26,(351) 934802026,dazevedo@example.net,False,True,668721,PT
917,Mafalda Rodrigues,"Av Gaspar, 63 9325-380 Póvoa de Varzim",1999-07-06,293 520 920,joaquimsilva@example.org,False,False,677236,PT
92973,Laura de Freitas,"R. do Prof. Egas Moniz, 51 1023-622 Cantanhede",1980-02-16,(351) 923102640,arturbaptista@example.org,False,False,578435,PT
82056,Henrique Simões,"Av Mendes, S/N 7140-821 Cartaxo",1983-06-23,289 036 352,rfernandes@example.org,False,True,610616,PT
21030,Letícia Loureiro,"Praça de Alves, 553 9310-757 Ourém",1990-01-22,(351) 964 781 703,isaacpacheco@example.org,True,True,556905,PT
83891,Lúcia Silva,"Alameda do Dr. Fernando de Azeredo Antas, 831 7672-827 Paredes",1972-03-25,+351241097839,naiara81@example.net,False,False,967922,PT
28555,Mauro Soares,"Largo das Virtudes, 94 4419-724 Elvas",1994-12-02,+351916729443,luana89@example.org,False,True,146458,PT
7365,Nair Assunção,"Alameda Fernando Pessa, 952 2261-600 Valbom",1999-12-08,(351) 292650248,nelsongarcia@example.com,False,True,850627,PT
72699,Alice Macedo-Ferreira,"Rua das Andorinhas, 44 2692-427 Faro",1989-03-07,(351) 916 174 455,leandro95@example.com,False,True,854996,PT
35405,Martim Monteiro,"Av Araújo, 638 1162-035 Anadia",1993-02-02,(351) 910 443 514,zmoreira@example.net,False,True,836951,PT
86872,Tatiana Matias,"Avenida Violeta Matos, 17 3530-964 Lagos",1980-06-05,+351965154020,sergiomiranda@example.com,False,True,641855,PT
27008,Ângela Pires,"Avenida Lucas Barbosa, 293 1104-192 Tavira",2000-09-21,(351) 227231701,william52@example.net,False,True,174259,PT
16144,Benedita Torres,"Praça de Branco, 31 7301-168 Miranda do Douro",2018-10-30,(351) 927291956,barbara11@example.org,False,True,196685,PT
83840,Teresa Vaz,"Largo Carvalho, 895 2251-429 Cartaxo",2010-03-30,(351) 917 999 423,ariana90@example.org,False,True,433189,PT
12793,Erica-Mafalda Maia,"Alameda Azevedo, 6 2749-269 Angra do Heroísmo",2013-05-05,(351) 963 689 544,lealgustavo@example.org,False,True,18556,PT
56702,Amélia Fonseca,"Praça das Antas, 904 8996-157 Beja",1998-07-23,(351) 914 252 068,valentina34@example.com,False,True,614074,PT
45855,Salomé-Rita Amorim,"R. Letícia Sousa, S/N 8681-173 Santa Cruz",1976-01-27,+351266665008,leonardo77@example.com,True,True,206935,PT
55958,José Lourenço-Sousa,"Rua de Oliveira, 99 3430-262 Caldas da Rainha",1986-11-10,(351) 934109113,tiagoantunes@example.org,False,False,642651,PT
22008,Isabela do Ribeiro,"Largo de Oliveira, S/N 5961-119 Marinha Grande",2013-10-07,(351) 930791117,francisco64@example.net,False,True,176243,PT
68439,Patrícia Pinheiro,"Largo Kevin Matos, 72 3259-666 Marco de Canaveses",2000-04-17,928517924,vitormartins@example.net,False,True,250463,PT
7484,Bianca-Ariana Paiva,"Praça de Paiva, S/N 3019-426 Olhão",1975-05-01,925 914 846,amachado@example.org,False,True,469978,PT
6257,Fábio Garcia-Branco,"Praça Isaac Pinto, 68 3758-331 Costa da Caparica",1977-11-16,(351) 967915995,alexandre37@example.net,False,True,142035,PT
37799,Rafael de Figueiredo,"Av Moreira, 66 4629-906 Portimão",1990-03-21,(351) 923809305,lia47@example.net,False,False,914050,PT
284,Benjamim Pinheiro,"Largo Domingues, S/N 4847-202 Estremoz",1984-03-16,(351) 965 133 968,vmoura@example.net,False,True,701511,PT
96453,Enzo Nogueira,"Av Castro, S/N 8504-974 Lagos",2013-08-05,+351246131455,mateusnunes@example.net,True,False,831909,PT
9485,Isabel Lourenço,"Rua de Borges, 90 9803-515 Costa da Caparica",2012-08-13,(351) 922313947,cbranco@example.org,False,False,477633,PT
35801,Alícia-Lia Valente,"Praça Pacheco, 737 1971-561 Reguengos de Monsaraz",2013-12-23,964452837,freitasmauro@example.org,False,True,168022,PT
76022,Carminho de Campos,"R. dos Olivais, 35 6555-998 Horta",1984-09-08,(351) 293 389 889,wfaria@example.com,False,True,924565,PT
13292,Mateus Pinto,"Alameda do Bolhão, 16 4859-394 Angra do Heroísmo",2005-03-08,929 520 234,david24@example.org,False,False,604067,PT
96861,Bárbara Valente,"Travessa de Vicente, 97 7756-662 Viana do Castelo",1997-10-20,+351231666256,filipecarneiro@example.com,False,False,132792,PT
8037,Sara da Coelho,"R. da Rainha, 6 8165-827 Seia",1973-05-01,+351926603765,guerreiroduarte@example.net,True,True,547907,PT
6635,Lucas Soares,"Alameda de Cunha, 2 0315-450 Lourosa",1999-09-08,(351) 208931405,edgar30@example.org,True,True,139947,PT
43035,Letícia de Mendes,"Rua Adolfo Ayala, S/N 9800-553 Almada",2016-02-16,913589523,jamaral@example.org,False,True,268057,PT
90114,Diego Barros,"Avenida Vicente, 61 9905-819 Lixa",2013-10-14,(351) 969425200,zcardoso@example.net,False,False,779664,PT
69435,Bárbara Pires,"Travessa Amorim, 2 8782-815 Funchal",1986-06-24,+351930303190,wneto@example.org,False,True,977717,PT
29483,Samuel Correia,"Largo de Vicente, 74 5466-204 Tomar",2005-07-20,+351911888584,valentinacoelho@example.org,False,True,772609,PT
50124,Isabel-Fabiana Azevedo,"Alameda Assunção, 29 9544-208 Costa da Caparica",2015-08-07,(351) 912250220,carminho13@example.net,False,True,169480,PT
13816,Fábio Assunção,"Rua Anjos, 673 6166-057 Fiães",2007-03-02,926385030,baptistabenjamim@example.com,False,True,124445,PT
24091,Anita Henriques,"Largo Monteiro, 50 9704-129 Pinhel",1987-12-09,(351) 961150657,jmaia@example.org,True,True,223874,PT
89590,Ângelo Cardoso,"Travessa Rocha, 61 4705-320 Guarda",2002-09-19,(351) 911368696,rita82@example.org,False,True,885584,PT
83538,Pedro Figueiredo,"Praça de Vaz, 4 3237-280 Leiria",1997-08-09,966 037 128,framos@example.com,False,True,277030,PT
41145,Mafalda-Margarida Freitas,"Av de Mota, 19 4715-377 Portalegre",1974-11-05,(351) 929 944 286,nairmiranda@example.com,False,True,296994,PT
33204,Luciana Pinto,"Largo Gustavo Barros, 48 9163-070 Barreiro",1990-03-30,(351) 922873509,nadia20@example.net,False,True,75246,PT
29591,Isaac do Barros,"Avenida Brian Lima, 3 2577-067 Agualva-Cacém",2017-08-09,911 478 672,nbarbosa@example.com,True,True,541402,PT
64625,Sandro Faria,"Av de Matos, S/N 7819-523 Gafanha da Nazaré",1981-09-13,+351261032196,marquesjessica@example.org,False,False,748659,PT
86181,Eduarda Batista,"Avenida de Rodrigues, 553 9063-113 Almada",1979-07-17,(351) 911330701,mouraflor@example.com,False,False,181859,PT
36089,Larissa Andrade,"Travessa João Mota, 970 4757-176 Trofa",1999-06-17,920 307 166,wdomingues@example.com,False,False,819870,PT
56005,Bárbara-Ariana Freitas,"Travessa Afonso Gaspar, 85 7048-686 Horta",2015-07-18,(351) 923 542 608,alexandre10@example.com,True,False,286089,PT
52177,Celso Somoza Viña,"Callejón de María Jesús Linares 23 Piso 2  Toledo, 05215",1986-07-10,+34728 87 57 25,feliciatalavera@example.net,False,True,694474,ES
11473,Pepita Luque,"Ronda de Gisela Barbero 24 Guipúzcoa, 08227",2015-02-28,+34 745 17 14 69,goyo68@example.com,False,False,365257,ES
48331,Teresita Dueñas,"Callejón Bienvenida Moya 8 Puerta 5  Navarra, 34573",1980-02-13,+34 886573081,coellomagdalena@example.net,False,True,153118,ES
57347,Amalia Ávila Jurado,"Cañada Inocencio Fuertes 81 Apt. 30  Girona, 34813",2001-03-28,+34 717 08 51 52,ublanch@example.net,False,True,455670,ES
45779,Juan Francisco de Catalán,"Urbanización de Malena Ayuso 4 Zaragoza, 04935",1987-02-22,+34 744857333,noguesrosa@example.com,False,True,753210,ES
75446,Sebastian Guillen Zamorano,"Callejón de Horacio Bernad 298 Ciudad, 40931",1986-11-25,+34 712 027 692,ceciliacasals@example.com,False,True,301684,ES
13203,Régulo Rivero Duran,"Calle Manuel Ramón 96 Santa Cruz de Tenerife, 05365",2012-02-17,+34713395498,ramosmatilde@example.org,False,False,539238,ES
57262,Zaida Ballester Murillo,"C. de Trini Porta 30 Puerta 7  Cáceres, 41019",1979-07-09,+34631 72 19 25,vilaltaoriana@example.com,False,True,904942,ES
61568,Patricia Rosell-Goicoechea,"Camino de Gervasio Antúnez 450 Apt. 87  Ceuta, 07201",2014-05-09,+34903532977,tmayoral@example.org,False,True,353977,ES
79907,Cosme Cobos Arribas,"Vial de Amor Vázquez 63 Piso 0  Sevilla, 36588",1971-07-14,+34 742627991,emmaricart@example.net,False,False,493411,ES
29678,Desiderio Montoya Corominas,"Camino de Pedro Torralba 12 Zamora, 12493",1976-05-30,+34 741 91 00 66,sergioangulo@example.org,False,True,582174,ES
76275,Dominga del Hidalgo,"Cuesta Ezequiel Calderón 97 Piso 4  Castellón, 48162",2016-01-17,+34713 701 040,florindaarrieta@example.net,False,True,943322,ES
73893,Curro Gervasio Echevarría Sedano,"Calle de Filomena Torrecilla 2 Apt. 45  Zaragoza, 35824",1970-06-20,+34 708 18 17 73,alemanysantiago@example.org,False,True,557066,ES
98104,Blas de Casanova,"Paseo de Mercedes Jove 98 Puerta 6  Almería, 47584",2020-02-04,+34704060537,ale48@example.org,False,True,198854,ES
34581,Cipriano Colom,"Pasadizo de Julio César Benet 4 Soria, 34412",2018-11-17,+34 746203387,munozmartin@example.com,True,True,813402,ES
83797,Germán Rufino Ortiz Guardia,"Pasaje Matilde Rios 71 Barcelona, 05785",1970-05-14,+34739 54 44 45,valverdeambar@example.org,False,False,553511,ES
27982,Brunilda Gálvez Carnero,"Vial de Benita Marquez 61 Badajoz, 24560",2016-06-01,+34 966 22 67 62,moraledalucia@example.com,False,True,942819,ES
56324,Benigno de Tejada,"Cañada Débora Valls 601 Guadalajara, 29163",1987-09-30,+34718682182,valentin53@example.com,False,True,773911,ES
19469,Jacinto Prado Mascaró,"Cañada Alex Coronado 78 Apt. 56  Jaén, 02367",2007-11-09,+34 705 89 57 55,rosa-maria26@example.com,False,True,327138,ES
30731,Guiomar Bonilla Espejo,"Ronda de Heriberto Echevarría 294 Puerta 2  Soria, 37255",1985-10-06,+34992447749,iniguezdan@example.org,False,True,70369,ES
29594,Ale Miró Bermejo,"C. de Jerónimo Alarcón 98 Puerta 7  Huesca, 21251",2009-09-06,+34 918 86 52 53,tamat@example.net,False,True,595432,ES
13457,Augusto Feliu Barreda,"Camino Melchor Ropero 37 Apt. 84  Palencia, 20159",1979-10-27,+34 711007297,xespejo@example.net,False,False,7473,ES
99077,Joaquina Abril Paredes,"Vial Nadia Morera 54 Ciudad, 43892",1985-01-04,+34718 16 22 20,felicianopintor@example.net,False,True,210249,ES
24256,Poncio Mate Godoy,"C. Anna Palomo 28 Jaén, 05098",2002-11-21,+34630149436,rosario69@example.org,False,True,272740,ES
99637,Macaria Vilalta Dominguez,"Ronda de Luís Roselló 277 Toledo, 31179",2014-08-14,+34845818499,ochoayessica@example.net,False,True,557817,ES
74409,Martirio Borrell Iñiguez,"Via Herminia Álvarez 9 Apt. 06  Álava, 43276",1986-10-06,+34 722039438,maestreisidro@example.com,False,True,803927,ES
96756,Lino Goyo Montenegro Blanch,"Rambla de Francisco Jiménez 48 Apt. 28  Valencia, 09841",1995-10-22,+34718676734,kcordero@example.com,False,True,466265,ES
87772,Leocadio Sarmiento Cisneros,"Camino Ofelia Carrillo 31 Piso 1  Sevilla, 34593",2019-03-11,+34 728481409,vdiez@example.net,False,True,250053,ES
77952,Miguel Jáuregui Atienza,"Vial Etelvina Ricart 88 Puerta 7  La Coruña, 22853",1986-01-06,+34 716781099,palomaresangela@example.org,False,False,334843,ES
35867,Aránzazu Vilanova Zabala,"Via Ágata Amador 649 Puerta 0  Cantabria, 10872",2015-02-02,+34 721 958 318,eleuterio59@example.net,False,True,315177,ES
64514,Tiburcio Oller Jove,"Acceso Vilma Donaire 68 Badajoz, 13883",2005-02-02,+34719 31 01 03,angel33@example.net,False,True,12194,ES
63742,Graciano de Colomer,"Glorieta de Concha Salvador 297 Piso 3  Ciudad, 05320",2020-02-06,+34734 25 47 64,lucianocantero@example.net,False,False,716588,ES
82233,Bernardita Perelló Cano,"Callejón Berto Benito 74 Apt. 22  Lugo, 26034",2017-03-28,+34709663225,angelesrojas@example.com,False,True,761563,ES
61987,Roberta Gonzalo Borja,"Calle de Aarón Lucena 385 Apt. 39  Lugo, 51820",2007-04-12,+34 738274524,arceliafigueroa@example.org,False,True,330834,ES
93875,Fortunata Aliaga,"Camino Aníbal Milla 65 Puerta 8  Madrid, 06081",1977-03-07,+34701 232 689,pesteban@example.com,False,True,355439,ES
65644,Federico Pascual-Priego,"Pasaje Delia Arroyo 74 Puerta 1  Zamora, 51232",2018-01-22,+34 876 421 189,juradoguiomar@example.net,True,True,872353,ES
78823,Félix Marti Morán,"Glorieta Renato Tello 77 Puerta 4  Lleida, 41823",1993-06-19,+34 722030863,santamariarufino@example.com,False,True,117324,ES
96524,Toribio Cal-Llobet,"Camino de Victor Manuel Cobo 14 Piso 7  Toledo, 21100",1971-04-07,+34 744785766,alberoeligio@example.net,False,True,53835,ES
71635,Estrella Chaparro Calzada,"Acceso Blas Lucas 2 Huelva, 25416",1984-07-28,+34 705 58 24 04,sbayon@example.net,True,True,480046,ES
98341,Camilo Montesinos Agustí,"Glorieta Noa Barrena 800 Melilla, 10883",2015-05-29,+34635248904,eligiocueto@example.com,False,True,629623,ES
71406,Jimena del Catalán,"Camino de Elvira Pulido 2 Soria, 07201",1971-07-29,+34897 24 48 58,geraldo09@example.com,False,True,90860,ES
1503,Glauco Aparicio Andres,"Callejón de Cipriano Vazquez 46 Alicante, 18220",2019-07-10,+34 704 16 37 74,olimpiabauza@example.org,False,True,339965,ES
46540,Julia Tejera Sanjuan,"Urbanización Galo Vázquez 77 Piso 9  La Coruña, 05836",2009-12-21,+34 724703187,cristina24@example.org,False,True,824132,ES
1688,Begoña de Carretero,"Vial de Isidro Díaz 56 Toledo, 03594",1980-06-11,+34880448635,adanvilla@example.org,False,True,662848,ES
50676,Candelario Borrell Roca,"C. de Ricarda Rivero 72 Apt. 59  León, 39206",1984-02-15,+34870743603,chucho95@example.org,False,True,284257,ES
52615,Perlita Noguera Moll,"Acceso María Teresa Cortes 996 Madrid, 13150",1999-03-27,+34 746 27 16 20,clarisa58@example.net,False,True,414160,ES
23340,Feliciana Santiago Estrada,"Calle Victor Carrera 229 Cuenca, 45409",1978-03-03,+34 733 495 264,morena31@example.net,False,True,809654,ES
42802,Javiera Parejo Prado,"Ronda Azahar Marí 7 Jaén, 47507",2015-03-04,+34906 051 167,carinapol@example.com,False,True,141722,ES
94185,Cayetano Albano Querol Peñas,"Cuesta de Abilio Fuertes 18 Girona, 05846",1983-06-15,+34690 276 438,miguel-angel05@example.com,False,True,391046,ES
47922,Ofelia del Portero,"Cuesta Bruno Peláez 41 Puerta 0  Córdoba, 16428",1972-09-24,+34 738 35 05 81,villaresmeralda@example.org,False,True,935178,ES
66663,Jennifer Arribas-Llano,"Via de Leandro León 408 Apt. 13  Cuenca, 03191",2016-12-10,+34620 379 000,andrea50@example.com,False,False,321659,ES
48101,Herberto Gomis Font,"Callejón Edelmiro Tejero 26 Cantabria, 44397",2015-03-22,+34 746 65 05 78,josefina13@example.org,False,True,223742,ES
82873,Fidela Barrios Almagro,"Vial de Conrado Aguiló 35 Puerta 7  Albacete, 39777",1971-02-12,+34 705 240 736,qcaro@example.com,False,True,107408,ES
21263,Mariano Garzón Vilar,"Acceso de Juan Bautista Bárcena 477 León, 20816",1979-02-02,+34733090239,dsalmeron@example.net,False,True,892174,ES
68183,Olimpia Villar Perelló,"Pasadizo Reyes Anguita 111 Puerta 3  Castellón, 17167",1982-11-07,+34747 201 293,luciogimenez@example.net,False,False,70488,ES
54030,Antonio Comas Lledó,"Alameda de Celestino Hierro 62 Valencia, 46583",1983-01-10,+34725563462,noeiniesta@example.org,False,True,766612,ES
44010,Telmo Robles Dalmau,"Pasaje de Lola Carnero 81 Puerta 1  Badajoz, 21472",2004-11-14,+34 743 237 025,matasluis-miguel@example.com,False,True,195463,ES
83715,Joaquín Salgado-Romeu,"Cañada de Eusebio Cobos 52 Palencia, 03543",2020-04-27,+34723 39 02 27,hcobos@example.org,False,False,686048,ES
40164,Emilia Nicolás Morán,"Pasaje Áurea Puerta 68 Girona, 18774",1972-08-19,+34 876173557,gonzaloalcalde@example.com,False,True,545654,ES
27946,Luciana Higueras-Roldán,"Pasaje de Isidro Catalán 601 Huesca, 14598",1985-02-02,+34 725 032 952,asilva@example.org,False,True,989808,ES
97838,Jesusa Mate,"C. Pastora Portillo 93 Cádiz, 15058",2000-07-27,+34 825931314,pilar54@example.net,False,True,668896,ES
82188,Elisabet Andrés Jara,"Plaza de Javi Cuesta 8 Ávila, 43786",2012-02-18,+34 702735164,cirinoparedes@example.net,False,True,330581,ES
68444,Pepito Toledo-Segovia,"Calle de Félix Mascaró 30 Cuenca, 20573",1971-07-30,+34710080619,bcuervo@example.com,False,False,535756,ES
38175,Consuelo Pina Múñiz,"Ronda de América Córdoba 34 Ceuta, 25352",1993-04-06,+34706 124 078,dulce29@example.net,False,True,989321,ES
93939,Rufina Roman Pelayo,"Acceso Leonor Blazquez 44 Castellón, 33279",1970-12-08,+34739510159,alemanycoral@example.org,False,False,990020,ES
47293,Miguel Corbacho Correa,"Acceso Vicente Contreras 71 Cuenca, 38810",2013-01-26,+34919507289,juan-bautista57@example.com,False,True,303973,ES
9204,Rosario Méndez-Zorrilla,"Cañada de Celestino Manjón 437 Piso 7  Zaragoza, 12074",1998-07-12,+34 722 38 27 69,palegre@example.net,False,True,809799,ES
61807,Pili Esteban Donaire,"Glorieta Valentín Córdoba 7 Apt. 48  Valladolid, 44882",2015-12-11,+34696 74 09 25,qbusquets@example.net,True,True,717975,ES
63878,Roberto Pellicer,"Callejón de Luciana Pizarro 91 Apt. 49  Cáceres, 02350",2001-01-29,+34707 24 47 02,anastasio89@example.net,False,True,204748,ES
90731,Julieta Almagro Cardona,"Acceso Elena Aguiló 74 Puerta 2  La Coruña, 12979",1997-12-14,+34836973590,bertranmariana@example.net,False,True,544020,ES
36517,Montserrat del Perales,"Rambla Luís Asensio 86 Málaga, 04132",1997-09-21,+34668 26 19 11,nazaret28@example.org,False,True,305368,ES
34974,Javiera Ramos Canet,"Paseo Carmina Santiago 46 Lleida, 37639",1996-05-22,+34722 014 906,renataheras@example.org,False,False,684601,ES
37417,Ana de Rojas,"Cuesta Urbano Cruz 84 Puerta 0  Ourense, 22142",1972-10-08,+34 607 53 80 28,cosmebas@example.com,False,True,782498,ES
61349,Aarón Cobos Zabaleta,"Cuesta Felipa Llobet 64 Ceuta, 43046",1972-12-30,+34723997763,otiliamontenegro@example.org,False,False,456438,ES
57940,Epifanio Sáenz Giménez,"Ronda de Perla Bárcena 7 Santa Cruz de Tenerife, 21877",2001-03-17,+34 740 342 269,renata50@example.com,False,False,790306,ES
52506,Gilberto del Maza,"Pasaje de Amancio Piñeiro 5 Apt. 11  Cuenca, 17995",1989-02-20,+34 743 84 57 86,ricartesteban@example.com,False,True,691679,ES
2718,Flavio Morcillo,"Avenida Consuelo Menendez 70 Lugo, 05104",1974-03-13,+34 603083387,franchrenato@example.org,False,True,21533,ES
68921,Gerónimo del Barrio,"C. Efraín Lledó 9 Vizcaya, 31252",2021-04-27,+34 659287984,ivargas@example.net,False,False,412866,ES
37773,Prudencio Juliá Salom,"Avenida de Damián Ramón 28 Segovia, 01458",1987-11-06,+34710 68 74 75,garcesfanny@example.net,False,True,620654,ES
21230,Cayetano del Baquero,"Paseo Lupita Bermúdez 4 Apt. 96  Castellón, 25433",2000-02-19,+34 720 25 44 44,ovalcarcel@example.org,False,True,960248,ES
97120,Soraya Rubio Belda,"Glorieta Bernardo Escrivá 51 Piso 4  Toledo, 01847",1998-01-03,+34666 252 260,alexcabello@example.com,False,True,323396,ES
6587,Irma Céspedes Revilla,"Pasadizo de Anselmo Piñol 47 Girona, 48755",2012-04-03,+34739 317 583,jimenezzaira@example.com,False,True,269549,ES
54416,Ana Sofía Ramos Barral,"Cuesta de María José Diez 7 Valencia, 43034",1992-01-28,+34843 434 426,edominguez@example.org,False,False,40880,ES
58898,África Acevedo Vallejo,"Cañada Arcelia Cisneros 68 Jaén, 29300",1998-09-18,+34 719 337 330,barberoasuncion@example.com,False,True,439048,ES
47946,Raymond Brunet,"51, rue de Imbert 96246 Lacombe-la-Forêt",2009-10-03,+33 2 76 41 94 07,vvasseur@example.net,False,True,17783,FR
7461,Marine de la Lamy,"115, rue Blanc 30635 Perrot",2009-02-26,+33 (0)5 79 72 06 96,gregoire43@example.org,False,True,809582,FR
13190,Franck Dubois,"9, avenue Millet 12232 Renaud",2005-07-20,05 96 69 29 00,bodineric@example.net,False,True,281592,FR
96009,Thérèse Delattre,"11, avenue François 75858 Saint Élisabeth-sur-Mer",2022-03-01,01 58 42 52 41,gilbertemmanuel@example.org,False,True,503455,FR
11814,Marie de la Wagner,"688, chemin de Vincent 92979 Brun",1978-02-28,0276974160,tjoly@example.net,False,True,241892,FR
39609,Christophe du Caron,rue de Daniel 15460 Loiseau,2022-08-24,0230555288,lejeunehonore@example.org,False,True,149320,FR
70301,Bernadette du Étienne,avenue Monnier 93472 Vasseur,1994-05-22,03 67 37 28 32,vroche@example.net,False,True,894312,FR
68352,Lucie Duhamel,"19, boulevard de Goncalves 02737 Saint Anouk",2004-11-24,+33 2 21 20 87 81,nathvaillant@example.com,False,True,192778,FR
29025,Étienne Laine de la Costa,"4, rue Arthur Lévêque 13432 Marchand",2018-02-28,0586719749,fernandezfranck@example.com,False,True,426417,FR
63010,Louise de la Baudry,"29, chemin Yves Hervé 05605 Munoz-la-Forêt",2002-08-11,+33 3 24 78 04 07,wleduc@example.net,False,True,259990,FR
14176,Christine Guillaume,"16, rue Le Gall 00083 Laurent",2013-01-15,+33 2 56 33 29 46,jourdanmarine@example.com,True,True,554251,FR
93434,Mathilde Alexandre,"619, boulevard de Hebert 79631 Saint Noël-les-Bains",2008-01-13,0222925781,denise04@example.net,False,True,435687,FR
97753,Sébastien-Jacques Mace,avenue Alexandre Brunet 37420 Martineau,2009-08-02,04 83 58 87 34,lelievresuzanne@example.org,False,True,984344,FR
57264,Colette Vallée,"67, rue Poulain 77609 Sainte Christophe",1983-09-24,+33 (0)5 59 63 26 53,caronolivier@example.com,False,True,722957,FR
4961,Stéphane Normand,"20, boulevard de Guillon 76439 Saint Léon",1974-04-24,+33 5 86 79 16 94,zoegimenez@example.com,False,True,650118,FR
69141,Antoinette-Michelle Charles,rue Joseph 39367 Pierrenec,1983-08-23,+33 (0)1 64 91 62 11,olivie45@example.net,False,False,639703,FR
54001,Jacqueline-Joséphine Pereira,"636, chemin de Hubert 54734 Delmas-sur-Mer",2005-08-11,0218570039,mchevalier@example.org,False,False,790319,FR
46521,Alex Michel,"54, rue Martine Leduc 64872 Perrot",1977-12-21,+33 3 63 58 12 69,francoise33@example.org,False,True,466106,FR
80023,Victor Gauthier,"70, chemin Vincent 96944 Masson",1975-10-14,05 33 33 15 37,yrenaud@example.com,True,True,119236,FR
68903,Isabelle du Gimenez,"59, chemin Sylvie Perret 15313 Navarro-sur-Marchand",2016-07-21,+33 (0)1 41 76 10 33,claudine03@example.org,False,True,180408,FR
31369,Isaac Laine,"26, chemin de Wagner 16815 Michel",2019-11-04,+33 (0)1 55 02 25 18,louisguyot@example.com,False,False,207698,FR
51212,Isaac de Lamy,"82, rue Hamon 81966 Fleury",1984-05-09,0134328744,gomeslaure@example.net,False,True,706350,FR
7211,Claudine Denis,"88, chemin Arthur Joubert 54887 Saint Valentine",1979-09-28,04 69 98 26 16,charriermaggie@example.net,False,True,110579,FR
75555,Benoît Gillet,"79, boulevard de Maillet 27760 Sainte Marine-sur-Mer",1979-05-11,03 87 91 96 84,therese89@example.org,False,True,9642,FR
31671,Yves Guibert,"89, rue de Gilbert 88779 Chartier-sur-Guyot",1985-05-02,04 42 45 60 15,zoelaporte@example.org,False,False,273864,FR
80117,Jean-Bernard Dumas,"227, rue de Bazin 84821 Lemonnier",2017-11-20,+33 (0)4 86 65 65 31,constanceguillet@example.org,False,True,362452,FR
10270,Thierry Fouquet,"2, avenue de Rodrigues 98545 Klein",1986-01-14,01 44 60 36 17,rbruneau@example.com,False,False,4422,FR
88851,François Briand,"1, boulevard Amélie Thomas 92486 Courtois",2000-11-19,+33 4 49 01 82 83,arnaudeparent@example.com,False,True,593748,FR
1266,Richard Fontaine,"7, boulevard Rossi 39301 Baudry-sur-Marin",2003-12-03,+33 1 80 41 99 16,christine83@example.net,False,True,608176,FR
38140,Élodie Cousin,"71, chemin Suzanne Carpentier 02143 Ramos-les-Bains",2006-07-23,0586308217,petittheodore@example.org,False,True,931249,FR
61065,Luc Barre,"4, boulevard de Lefebvre 27956 Perrot-la-Forêt",1980-04-21,0534552222,juliette94@example.net,False,True,999923,FR
23992,Maryse-Marianne Bonneau,"577, rue Mendès 56668 Louisdan",1972-01-07,02 77 46 52 94,ledouxmarcel@example.org,True,True,504889,FR
14500,Claude Mallet,"558, chemin de Lecoq 91324 Meunier",1989-03-10,+33 (0)5 87 85 56 79,lopezoceane@example.com,False,True,735416,FR
34823,Capucine Diallo,"83, rue Alex Devaux 89027 Sainte Lucas",1982-03-05,04 81 22 98 23,paulandree@example.org,False,True,175847,FR
79495,Denis Morin,"70, rue Martins 95402 Dupont",1977-12-08,0148325784,fdelorme@example.com,False,True,181833,FR
14399,Gérard Diaz,"1, chemin Lecoq 56971 Saint Adrienne",1981-06-01,+33 (0)3 28 08 33 65,csalmon@example.com,False,True,250750,FR
54477,Léon Bouvier,"55, boulevard Hardy 29088 Samson",2016-03-23,+33 (0)4 95 23 23 10,loiseaumarthe@example.com,False,True,470210,FR
13213,Valérie Pages,"74, rue Carre 17010 Garnier-sur-Guibert",1990-08-06,0177735057,patrickdubois@example.com,False,True,895804,FR
88586,Laurent Jacquot,"93, boulevard Leclercq 03059 Auger-sur-Rivière",1985-11-09,+33 1 30 53 62 75,fontainecelina@example.org,False,True,484263,FR
70822,Patricia de la Lejeune,"26, boulevard de Diaz 62888 Maillet",1987-11-06,+33 (0)4 80 05 56 45,grondincecile@example.net,False,True,51468,FR
24341,Nath de Leconte,avenue Danielle Peltier 71189 Goncalves,2013-11-14,+33 5 33 25 22 73,jweber@example.org,True,True,410946,FR
54960,Georges Barthelemy de la Marques,"87, chemin Étienne Weber 16159 Millet",2009-08-07,+33 (0)4 30 13 38 53,fgilles@example.org,False,True,582266,FR
88173,Célina Lambert,rue de Guyon 45936 Sainte Anouk,1983-01-24,02 69 92 59 31,carolinemoreau@example.org,False,False,250143,FR
14347,Céline Martin de Rousseau,"913, rue Vincent 59669 RenaudBourg",2020-06-23,02 57 10 72 03,goncalvesnath@example.com,False,True,112082,FR
31800,Anastasie Blondel,rue Briand 69868 Fabre,1974-08-07,+33 2 57 16 12 29,lorraineletellier@example.net,False,True,372351,FR
7525,Emmanuel Duhamel,"25, avenue Monnier 66133 Buisson",1983-08-24,+33 2 49 75 87 68,guillaume76@example.org,False,True,619560,FR
36910,Emmanuel Joubert,"632, boulevard Hardy 74140 Legrand",1995-03-30,0180440877,kroy@example.com,False,True,869093,FR
36051,Camille de la Gaillard,chemin Thibaut Vaillant 04688 Courtois,1977-09-30,+33 (0)5 54 82 48 03,franckjacob@example.org,False,True,147524,FR
6066,Philippine-Élisabeth Legros,"84, rue Weiss 86744 Sainte Zoé",2003-12-01,0524675035,iperon@example.org,False,True,136374,FR
50271,Susan Roche-Maurice,"5, chemin Édouard Benard 18223 CarlierBourg",1981-11-18,0178554209,alexandre51@example.net,True,False,812086,FR
73540,Eugène Rey,boulevard Bazin 78154 Sainte Jérôme-sur-Mer,1991-08-02,0540687141,fredericguillon@example.org,False,False,306320,FR
280,Emmanuel Gros,"288, avenue Matthieu Cohen 49107 Chauvin-les-Bains",2013-01-22,+33 (0)2 48 78 26 70,anastasie90@example.com,False,True,323721,FR
20514,Monique Hamel,"25, chemin Marie 24413 Letellier",1994-02-19,04 76 34 46 81,jacquesdelorme@example.org,False,True,556039,FR
67868,Christophe Hoareau-Loiseau,"47, chemin de Lopes 66147 HamonVille",1985-04-25,+33 4 37 44 48 02,charlesruiz@example.net,False,True,509002,FR
24936,Catherine Paris,avenue Valentin 55412 ImbertBourg,1971-01-14,+33 5 90 80 43 92,jlemoine@example.com,False,True,537371,FR
37774,Matthieu Renault de Teixeira,boulevard de Mahe 35334 Sainte Lorraine,1988-02-16,05 54 00 10 78,nfoucher@example.com,False,True,800768,FR
43008,Matthieu Lacombe-Leduc,"967, rue Suzanne Lefebvre 66556 Albert",1994-09-12,+33 (0)3 58 12 63 90,constancevasseur@example.com,False,True,993046,FR
96910,Océane Lacroix,"41, boulevard Diane Delahaye 33522 Sainte Guillaume",1999-03-31,03 84 10 58 86,jandre@example.net,False,True,597059,FR
36392,Jacques Marchal,"3, chemin Dijoux 86798 Huet-sur-Foucher",2019-03-23,0364970674,morenoremy@example.net,False,True,696610,FR
37306,Philippine Ribeiro,"407, boulevard Hamon 15313 Masson-sur-Cousin",1991-06-21,0490906111,anaislefevre@example.com,False,True,573020,FR
78260,Arnaude Potier,"69, boulevard Reynaud 68056 Sainte Louis-la-Forêt",1989-04-04,0256915738,colette67@example.org,False,True,557902,FR
24935,Anne Ledoux,"51, rue Alexandre Loiseau 89363 Saint Nathalie",1975-02-22,+33 3 39 54 98 34,jeannine81@example.org,False,True,678894,FR
32195,Stéphanie Lemaire,avenue Geneviève Guillaume 95716 LeblancVille,2019-10-09,+33 1 73 10 95 08,corinneroy@example.net,False,True,171589,FR
9601,Robert de Lelièvre,chemin Guillon 04512 Letellier,2019-09-14,05 57 99 69 66,udias@example.net,True,True,787897,FR
2160,Christophe-Denis Carpentier,boulevard Regnier 64837 Didier,1994-12-12,+33 (0)3 57 79 64 24,thibault66@example.net,False,True,687848,FR
20317,Anouk Laine-Rémy,"48, boulevard de Robin 98038 Diaz",1976-04-02,+33 (0)4 86 38 03 78,monnieralix@example.com,False,True,654386,FR
86878,Dorothée Le Legendre,rue Suzanne Ledoux 72400 Meyer,1975-01-13,0516161646,nicolas56@example.net,False,True,894753,FR
95755,Daniel-Émile Chevalier,"28, rue Thierry Mary 41230 Saint Noëldan",1997-02-22,+33 (0)3 75 49 33 97,peltierdenis@example.com,False,True,138000,FR
91737,Renée-Andrée Mace,"16, chemin de Jacquet 76593 Garcia",2007-10-25,+33 (0)3 63 82 09 84,wpetit@example.com,False,True,561760,FR
92046,Alfred Barthelemy du Robin,"45, avenue de Besson 26417 Bertranddan",1975-06-14,+33 4 86 44 54 03,bousqueteugene@example.com,False,True,699507,FR
40920,Renée Guilbert de la Ferreira,chemin de Clerc 50219 Barthelemydan,1996-08-08,+33 5 31 58 48 26,david63@example.com,False,True,165315,FR
76144,Claudine Grégoire de Maréchal,"83, avenue Girard 76735 Sainte Lorraine",1982-10-26,+33 5 16 55 54 59,lenoiranais@example.com,False,False,835657,FR
64629,Frédérique Roussel de Meyer,"2, boulevard Bertin 87148 Texier",1995-05-01,+33 5 94 95 74 27,mgros@example.com,False,True,667786,FR
65881,Olivier Camus,"7, rue de Leroy 32747 Sainte Jean",1999-02-12,+33 (0)5 45 08 72 97,denisemarchal@example.org,False,True,532038,FR
57913,Clémence Brun,"1, rue Monique Collin 65908 Guichard",1980-02-13,+33 4 32 80 33 09,xavier22@example.org,True,True,7335,FR
48218,Alexandre Morin Le Lebon,rue de Rivière 12219 Royer,1971-03-30,01 78 88 50 32,ybruneau@example.net,False,True,177426,FR
71057,Augustin Letellier,"81, rue Lejeune 15342 Rey-sur-Germain",1984-08-13,03 57 19 47 03,dfernandes@example.net,False,True,442844,FR
73345,Arthur Bernier,"4, rue de Maillard 33000 Da Silva",2006-01-09,01 45 84 10 78,gabrielle89@example.net,False,False,770008,FR
41689,Kathryn Brown,"8350 Ramirez Skyway Karimouth, ND 83840",1980-05-15,(413)563-5763,emma19@example.org,False,True,280155,US
62717,Michelle Buck,"90877 Brooks Path Suite 836 Jeremiahmouth, SD 04539",1989-12-28,001-118-081-2495x4759,kimberlywebb@example.net,False,True,289037,US
16354,Jackson Lee,"98526 Mark Valley Gregoryland, MT 18584",1972-01-13,325.030.2788x317,norma88@example.org,False,True,747462,US
96788,Stacy Fisher,"07222 Rebecca Passage South Joseph, CT 20013",1972-04-17,(272)862-8505x078,diazwilliam@example.com,False,True,536777,US
13617,Katherine Vasquez,"37092 Brown Parkway Apt. 350 New Christopher, MH 36846",1999-09-14,413-669-5595,richard55@example.com,False,True,516483,US
98662,Roy Wilson,"22562 White Forest Lake Kevin, CT 63923",2022-10-20,635-974-8667x664,stephanie76@example.com,False,True,372141,US
8352,Bobby Ray,USCGC Stein FPO AA 99195,1998-07-18,+1-336-248-1346x42274,anthonycoffey@example.net,False,True,933235,US
52120,Rachel Young,Unit 2699 Box 0685 DPO AE 97442,1997-07-09,628-718-8446x6108,jamesthomas@example.org,False,True,735667,US
34047,Lindsay Gonzalez,"77113 Wyatt Brooks Suite 195 East Rachel, TN 17931",2022-07-31,(189)838-3223x45506,robertbradshaw@example.com,False,True,992902,US
53618,Jasmine Carter,"512 Donald Lights Lake Douglasborough, MT 04742",2007-06-27,454.996.8344,butlerfelicia@example.org,False,True,947500,US
78257,Hunter Walker,"19086 Alexander Point Port Kimberly, TX 59491",1989-11-05,(427)703-9644x0725,jasonhenderson@example.net,False,True,257249,US
23111,Justin Black,"7970 Frederick Glens Suite 126 Chadton, IL 15364",2012-12-05,488-870-8437x087,cody53@example.net,False,False,917071,US
47540,Mr. Thomas Phillips,"465 Riley Union East Stevenville, AK 31126",1970-10-31,133.727.3268,steven62@example.org,False,True,905414,US
55013,Summer Sanchez,"358 Jones Harbor Port Vanessa, WV 30782",1983-12-28,001-510-108-8865,egray@example.org,False,True,216181,US
14426,Lucas White,"9298 Susan Throughway Bobbymouth, CA 68224",2001-06-15,788.508.9493,christinasweeney@example.net,False,False,52937,US
57361,Tiffany Montoya,"5056 Victoria Mission Port Jeffrey, DE 37963",1983-11-29,(286)787-8770x11051,andrea22@example.net,False,True,608183,US
58845,Bobby Mcdaniel,"9181 Olivia Rest Mooreburgh, OH 43954",1989-01-31,853-923-3534,aprilshields@example.org,False,True,328452,US
57857,Michael Miller,"53205 William Springs Port Saramouth, GU 52482",1994-11-18,001-264-961-3944x4290,melissa21@example.com,False,True,465845,US
10620,Steven Summers,"1949 Johnson Square East Erin, OK 15810",2000-05-04,(701)159-9475,johnsonshannon@example.org,False,False,660363,US
32380,Kimberly Thomas,"00492 Griffin Terrace Suite 112 Webbmouth, MI 11065",2013-04-14,+1-905-494-6392x426,susan36@example.net,True,True,780110,US
35727,Raymond Mclaughlin,"9392 Allen Turnpike Suite 988 Francismouth, ND 47207",1998-03-03,154.115.3992,johnmason@example.com,False,True,183485,US
41601,Paul Cardenas,"95786 Anthony Path Suite 081 Kellyfurt, AS 21170",2011-07-01,001-633-265-8613x66870,noahpatrick@example.com,True,False,437205,US
76768,Sarah Glover,"6930 Stein Green Delacruzfurt, HI 75501",2015-01-15,(409)678-3306x20321,munozbryan@example.org,False,True,282128,US
73582,Keith Harris,"231 Johnson Plains Apt. 707 Ruizville, FM 94032",2020-08-29,001-644-044-1640x46673,lstevenson@example.com,False,False,754509,US
2193,Stacy Rodriguez,"14829 Katherine Wells Suite 864 Teresatown, GU 33754",1992-09-29,178.237.8660x8271,gbonilla@example.org,False,True,140165,US
31231,Heather Rhodes,Unit 5870 Box 9204 DPO AE 62569,2015-07-16,850.647.0851x7373,johnsoncorey@example.org,False,False,177761,US
93373,Luis Hughes,"7206 William Extension Suite 237 North Marvintown, CA 26816",1993-07-17,(431)265-9184,emma58@example.org,False,True,900839,US
43478,Brandi Dalton,"48126 Nelson Ports Suite 114 New Jonathan, NM 05470",2007-10-12,(257)631-1538,david76@example.com,False,True,618126,US
7806,Marie Mosley,Unit 4657 Box 8674 DPO AE 26695,2002-09-03,705.207.1171,pbrowning@example.com,False,True,298028,US
45786,Joseph Smith,"040 Marcus Vista Taylortown, AR 26104",2014-11-05,8361274464,gsalinas@example.com,False,True,314608,US
95273,Blake Lozano,"43188 Walker Lodge North Randy, MS 92902",1975-07-21,001-796-925-5675x8719,munozmargaret@example.com,False,True,866795,US
80368,Mary Watson,"4641 Lee Groves Hollymouth, VT 96064",1997-07-11,929-470-7798x69459,iharding@example.org,False,True,599454,US
9201,Anthony Moore,"18985 Andrew Street Suite 597 Howardland, AR 18386",2022-10-16,(028)986-4581x1305,irowland@example.com,False,True,925083,US
90825,Jason Jordan,"39426 Gray Court Suite 583 West Darrell, FL 11729",1994-09-16,201.924.8151,brendagrant@example.org,False,True,601252,US
83404,Steven Warren,"601 Cabrera Prairie Suite 079 Sullivanhaven, OK 56144",2021-02-16,3179538959,annettehurley@example.net,False,True,276751,US
44637,Daniel Wilkerson,USNS Black FPO AA 47722,1978-06-18,(629)082-7652,jamescollins@example.net,False,True,596105,US
25244,Nicholas Henderson,"PSC 0694, Box 6026 APO AP 19824",1988-03-27,293.644.3524,carlfoster@example.org,False,True,34116,US
87137,Jasmine Larsen,USNS Wilson FPO AP 80600,2017-08-01,133-475-2444,diana65@example.com,False,False,159928,US
79250,Samantha Hernandez,"20112 Ward Flats Smithstad, PA 28638",1995-05-07,756-607-9720x78914,abennett@example.com,False,True,81612,US
43767,Dr. Steven Anderson Jr.,"759 Tammy Lane Suite 926 Lake Charlottetown, PW 85779",1980-03-28,036-733-5263x788,wrightmaxwell@example.org,False,True,203331,US
92246,Jessica Lewis,"34246 Jordan Lodge Perezchester, MS 50572",1990-11-21,793-039-5296,eric39@example.com,False,False,495254,US
56182,Brian Lewis,"72642 Jonathan Shores Tonyville, WA 01155",1988-12-21,046.983.7895,richardanderson@example.net,False,True,897452,US
40626,Taylor Tucker,"7853 Gonzalez Brook New Aimeechester, UT 67281",1995-08-06,(679)358-3254x801,qjimenez@example.net,False,True,407094,US
42804,Scott Stewart,"98860 Douglas Oval Nathanielport, NE 70754",1972-10-28,001-837-450-7534x6562,kcook@example.org,False,True,303100,US
47141,Timothy Chavez,"1073 Keith Expressway Port Ryan, IL 79799",2020-04-28,+1-461-097-7209x805,haileymiller@example.com,False,True,622236,US
59843,Alan Cruz,"990 Cervantes Gardens Apt. 895 South Anthonybury, CA 15576",2000-06-29,256-905-4078x606,katherine49@example.net,False,True,895773,US
16054,Kurt Johnson,"3083 Wang Row East Melissaside, CO 64862",1986-10-21,0973200010,riveramatthew@example.net,False,True,988390,US
47945,Sarah Ellis,"28467 Mosley Loop Suite 096 Lake Billy, TX 25547",2001-08-12,029-991-8505x71176,nlandry@example.org,False,True,552864,US
41866,Dorothy Cooley,"582 Elijah Islands South Richard, MN 22138",1990-03-02,+1-276-165-3388x868,elizabeth74@example.net,False,False,269136,US
22704,Amy Dunn,"5612 Michael Squares Suite 216 East Timothy, NH 64393",2010-12-05,501-015-2462,harryarias@example.com,False,False,889351,US
27457,Paula Munoz,USNS Cuevas FPO AA 71552,1990-05-08,+1-838-414-7544x1848,dtaylor@example.org,False,True,818521,US
77662,Jessica Wong,"3440 Susan Causeway South Donnashire, NJ 23768",2013-11-24,(538)542-2497,daniel42@example.org,False,True,339055,US
87035,Joseph Fischer,"54361 Thomas Locks Suite 468 Gregoryton, SC 56926",1982-12-06,822-306-9138,davisnicholas@example.com,False,True,602935,US
47782,Jennifer French,"35826 Donald Inlet Suite 856 New Ronaldborough, RI 73399",1988-07-17,001-379-127-8881,vwelch@example.com,False,True,739354,US
50334,Cathy Leonard,"955 Rose Drive Suite 557 North Chelsealand, FM 93337",1998-05-01,640.067.0949,vnixon@example.com,False,True,782944,US
78677,Megan Boyd,"921 Willie Shoal Suite 957 Johnmouth, MN 24325",1987-11-16,988.080.0200,sandrapowell@example.net,False,True,546344,US
75771,Carla West,"40410 Beck Forest North Meghanmouth, NM 10928",1982-06-05,071.997.5080x42832,jeffrey09@example.com,False,True,184442,US
19237,Raymond Hall,"81022 Mcdowell Path Apt. 713 Aaronborough, ME 84987",1978-08-25,8989043010,renee13@example.net,False,False,502171,US
38916,Erica Ellis,"8820 Ellis Ville Lake Amanda, HI 87068",1977-10-03,001-343-946-3677x506,kroberts@example.net,False,False,710911,US
64802,Kelly Clark,"4925 Bradley Throughway New Juliehaven, CA 99166",1994-10-14,+1-598-281-5455x955,joanna54@example.com,False,True,366052,US
68114,Daniel Robinson,"6113 Coleman Oval Port Staciefurt, VI 69417",2015-02-10,2080729596,ashleemartinez@example.net,False,False,380769,US
96022,Jonathan Fleming,"PSC 4105, Box 7313 APO AP 52981",1984-12-09,(770)941-4976,hrodriguez@example.com,False,True,208835,US
75513,Eric Mitchell,"383 Allen Skyway Apt. 709 North Timothy, VT 08461",2007-07-13,057.579.3326x277,matthewsmonica@example.net,False,True,7537,US
27070,Mr. Adam Cline,"133 Lopez Fork Apt. 199 New Adam, MP 17346",1997-12-16,+1-869-579-8901x9557,xburgess@example.org,False,True,994890,US
47337,Emily Hall,"PSC 4813, Box 9329 APO AP 94248",2001-11-04,115.681.9565x385,michaelcox@example.net,False,True,493323,US
119,Peter Gomez,"31220 Crystal Cliffs Molinafort, KY 82636",2006-03-06,+1-084-749-3048x552,williscassandra@example.net,True,False,888054,US
38994,Luis Guerrero,"838 Arroyo Junctions East John, MI 07523",1984-08-19,(279)369-6126x324,teresaramirez@example.org,False,True,115761,US
18931,Kayla Cruz,"40446 Jacobson Pass Floresbury, AL 36178",2009-10-18,+1-013-369-3328x3282,gardnerjeremy@example.com,False,True,412737,US
44255,Dr. Richard Avila,"390 Wong Meadow Suite 338 New Susan, HI 47598",2020-11-29,1307985573,douglascharles@example.net,True,True,768247,US
92296,Elizabeth Osborn,"02254 Eric Hills Apt. 050 North Jakeview, CT 71796",2001-06-08,118-688-2504x432,haroldcuevas@example.com,False,True,552726,US
95731,Jeffrey George,"7474 Jason Unions Sierrafurt, SC 35117",1996-10-02,+1-618-508-5271x119,omiller@example.com,False,False,240666,US
83300,Nicole Jennings,"535 Linda Burgs Kristenville, VI 96612",1983-04-07,001-120-455-4383x5384,timothyhughes@example.org,False,True,808418,US
4363,Derrick Key,"4585 Alejandro Pine Andersonland, MP 95791",2018-02-05,(526)571-8689x542,riveraelizabeth@example.org,False,False,676102,US
31993,Andrea Braun,"420 Joshua Row Port Sheila, AS 67214",1993-10-27,(229)570-8900x21708,nwilliams@example.net,False,True,645420,US
54566,Kimberly Conley,"14431 Rachel Loop South Fernandostad, AZ 94274",2018-10-05,8203525315,alexisdaniels@example.org,False,True,206447,US
18996,Juan Hampton,"95591 Williamson Wells Suite 466 Lisamouth, OK 15047",1972-05-12,001-456-631-0172x669,heatherfoster@example.org,False,True,509767,US
84241,Daniel Schwartz,"2238 Wilson Corners Apt. 447 Lake Erikberg, ND 44019",2011-09-24,001-647-138-0921x40928,donald01@example.net,False,True,284170,US
56794,James Moore,"6539 Brown Inlet Devinville, AL 80339",2003-03-30,(454)469-6475x8062,bpope@example.net,False,False,941218,US
59755,James Jacobs,"12989 Johnny Island Apt. 163 New Anaside, MT 45789",1999-01-04,001-721-018-6682x3635,michael40@example.net,False,True,259616,US
43939,Jeffrey Kelly,"4038 Joshua Turnpike Suite 059 Woodwardborough, NY 17835",2021-03-11,(916)216-2599x023,cynthiaclark@example.org,False,True,702877,US
28505,Whitney Bowen,"56532 Derrick Fort Apt. 105 South Deborah, SC 25051",1976-01-11,066.756.2477x923,walshrobert@example.com,True,True,99674,US
22091,Angelica Owens,"971 Robbins Views Suite 437 Krystalmouth, AS 23609",1971-06-15,009-036-3857,lterry@example.net,False,True,704877,US
81392,Jeremiah Yang,"999 Linda Track South Shannon, IN 68322",1991-10-24,621-674-4873x2453,brandon31@example.org,False,True,706294,US
32159,William Morrison,"28148 Amanda Road Lake Danielle, PA 03721",2000-07-31,001-708-996-6114x386,weissjohn@example.com,False,True,228806,US
53689,Mark Martinez,"PSC 8774, Box 1612 APO AE 88401",2010-08-07,(920)224-8929x127,stacey36@example.org,True,True,769224,US
40110,Heather Stevens,"85420 Blevins Court South Kellyville, MT 19138",1984-12-16,+1-783-116-8734x3665,aaron58@example.org,False,True,963762,US
51547,Kristen Campos,"891 Shaw Glen West Brettville, NE 15627",1998-06-15,(165)234-4539,tanyajensen@example.net,False,True,658609,US
80542,Barbara Johnson,"9493 Miller Stream Apt. 390 New Leah, PA 78201",2005-09-05,647-765-8495x822,sullivansarah@example.org,False,True,855504,US
75449,Anna Roy,"743 Cain Wall Suite 428 Lake Brian, GU 70666",1996-06-13,+1-676-010-8151x068,andrea36@example.net,False,True,296918,US
41004,Sandra Ali,"05417 Harper Forge Suite 904 East Austin, NJ 38802",2004-08-09,001-880-753-7502x37346,brooksryan@example.com,False,False,362859,US
1070,Patricia Gonzalez,"45517 Collins Row Martinezport, PW 24043",2019-05-26,336.292.7917x2470,tranchristopher@example.net,False,True,819921,US
5684,Sean Moore,"82491 Anthony Junctions East Jessica, VT 67640",2012-03-22,(291)143-5839x74416,tlittle@example.org,False,True,565684,US
50462,Rebecca Dickson,"09604 Giles Field Joneston, MP 99404",1980-05-09,(444)002-7148x05549,gomezbenjamin@example.net,True,True,506139,US
2655,James Wilson,"714 Sharp Cape West Christopher, AK 95093",2014-03-05,+1-783-133-4329x836,garciaronald@example.com,False,True,736436,US
85116,Heather Moore,"PSC 6942, Box 1460 APO AE 97071",2014-04-05,(370)583-0635,christopher45@example.org,False,False,911372,US
51943,Eric Hudson,"3952 Rose Lights North Michael, GU 80549",2012-04-22,(168)799-1334,peggy15@example.com,False,True,190585,US
10907,Nicholas Davis,"6283 Roberts Lodge East Ericaburgh, WA 88707",1998-04-23,593.509.2440,relliott@example.org,False,True,682716,US
28942,Mr. Dan Reese,"32025 Daniel Key Nicoleshire, MP 67542",1996-01-31,(908)585-8842,oneillronald@example.com,False,True,636582,US
87087,Heather Davis,"6681 Buck Circles Suite 723 Brianbury, PW 76598",1985-05-14,218-937-3171x72900,david69@example.org,False,True,937802,US
37026,Stephen Patel,"718 Frances Inlet Apt. 156 Brittanyborough, AZ 95051",1973-03-02,(313)799-5821,beverlyramsey@example.net,False,True,512710,US
8216,James Mercado,"28001 James Plain Apt. 545 Pamelafurt, DE 13262",1971-05-26,564.125.9657,cody01@example.com,True,True,821825,US
34844,Rodney Nelson,USS Jordan FPO AA 58065,2021-09-20,(109)846-0556,brittany48@example.com,False,True,961809,US
80611,Julie Carroll,"8289 Perez Club West Robert, WI 48068",1994-08-13,0306339971,smithjulie@example.com,False,True,717,US
43663,Donna Drake,"887 Allison Ways Lake John, AK 97098",1986-02-11,221.199.9946,bennettdonna@example.com,False,False,901653,US
93744,Jeanne Andrews,"194 Justin Trafficway Lake Carolview, GU 08914",1998-10-24,+1-114-905-0030,payala@example.org,False,True,413816,US
